sold_at,barcode,quantity,unit_price
2026-05-03T10:07:00,490000000001,7,2.49
2026-05-03T10:14:00,490000000002,6,2.49
2026-05-03T10:21:00,490000000003,6,2.49
2026-05-03T10:28:00,490000000004,6,2.39
2026-05-03T10:35:00,490000000005,7,2.39
2026-05-03T10:42:00,490000000006,4,2.49
2026-05-03T10:49:00,490000000007,5,3.49
2026-05-03T10:56:00,490000000008,7,3.29
2026-05-03T10:03:00,490000000009,3,2.69
2026-05-03T10:10:00,490000000010,3,2.69
2026-05-03T10:17:00,490000000011,8,1.79
2026-05-03T10:24:00,490000000012,5,1.49
2026-05-03T10:31:00,490000000013,3,2.19
2026-05-03T10:38:00,490000000014,4,2.19
2026-05-03T10:45:00,490000000015,4,2.49
2026-05-03T10:52:00,490000000016,4,2.49
2026-05-03T10:59:00,490000000017,5,2.49
2026-05-03T10:06:00,490000000018,3,2.49
2026-05-03T10:13:00,490000000019,2,2.39
2026-05-03T10:20:00,490000000020,4,2.79
2026-05-03T10:27:00,490000000021,2,2.99
2026-05-03T10:34:00,490000000022,2,2.59
2026-05-03T10:41:00,490000000023,2,2.39
2026-05-03T10:48:00,490000000024,3,2.49
2026-05-03T10:55:00,490000000025,4,1.69
2026-05-03T10:02:00,490000000026,3,1.69
2026-05-03T10:09:00,490000000027,4,1.59
2026-05-03T10:16:00,490000000028,5,1.69
2026-05-03T10:23:00,490000000029,4,1.89
2026-05-03T10:30:00,490000000030,2,1.89
2026-05-03T10:37:00,490000000031,3,1.79
2026-05-03T10:44:00,490000000032,2,1.79
2026-05-03T10:51:00,490000000033,4,2.09
2026-05-03T10:58:00,490000000034,2,2.19
2026-05-03T10:05:00,490000000035,2,1.69
2026-05-03T10:12:00,490000000036,2,1.59
2026-05-03T10:19:00,490000000037,1,3.29
2026-05-03T10:33:00,490000000039,1,3.19
2026-05-03T10:47:00,490000000041,1,3.99
2026-05-03T10:54:00,490000000042,1,4.49
2026-05-03T10:01:00,490000000043,1,6.99
2026-05-03T10:08:00,490000000044,2,2.49
2026-05-03T10:15:00,490000000045,2,1.99
2026-05-03T10:22:00,490000000046,1,1.89
2026-05-03T10:29:00,490000000047,1,2.19
2026-05-03T10:36:00,490000000048,1,1.49
2026-05-04T11:07:00,490000000001,7,2.49
2026-05-04T11:14:00,490000000002,6,2.49
2026-05-04T11:21:00,490000000003,6,2.49
2026-05-04T11:28:00,490000000004,9,2.39
2026-05-04T11:35:00,490000000005,6,2.39
2026-05-04T11:42:00,490000000006,6,2.49
2026-05-04T11:49:00,490000000007,5,3.49
2026-05-04T11:56:00,490000000008,6,3.29
2026-05-04T11:03:00,490000000009,5,2.69
2026-05-04T11:10:00,490000000010,4,2.69
2026-05-04T11:17:00,490000000011,11,1.79
2026-05-04T11:24:00,490000000012,3,1.49
2026-05-04T11:31:00,490000000013,4,2.19
2026-05-04T11:38:00,490000000014,3,2.19
2026-05-04T11:45:00,490000000015,4,2.49
2026-05-04T11:52:00,490000000016,3,2.49
2026-05-04T11:59:00,490000000017,3,2.49
2026-05-04T11:06:00,490000000018,2,2.49
2026-05-04T11:13:00,490000000019,3,2.39
2026-05-04T11:20:00,490000000020,4,2.79
2026-05-04T11:27:00,490000000021,2,2.99
2026-05-04T11:34:00,490000000022,2,2.59
2026-05-04T11:41:00,490000000023,2,2.39
2026-05-04T11:48:00,490000000024,3,2.49
2026-05-04T11:55:00,490000000025,5,1.69
2026-05-04T11:02:00,490000000026,4,1.69
2026-05-04T11:09:00,490000000027,3,1.59
2026-05-04T11:16:00,490000000028,4,1.69
2026-05-04T11:23:00,490000000029,3,1.89
2026-05-04T11:30:00,490000000030,3,1.89
2026-05-04T11:37:00,490000000031,5,1.79
2026-05-04T11:44:00,490000000032,3,1.79
2026-05-04T11:51:00,490000000033,4,2.09
2026-05-04T11:58:00,490000000034,3,2.19
2026-05-04T11:05:00,490000000035,2,1.69
2026-05-04T11:12:00,490000000036,2,1.59
2026-05-04T11:19:00,490000000037,1,3.29
2026-05-04T11:33:00,490000000039,1,3.19
2026-05-04T11:40:00,490000000040,1,5.99
2026-05-04T11:47:00,490000000041,1,3.99
2026-05-04T11:54:00,490000000042,1,4.49
2026-05-04T11:08:00,490000000044,2,2.49
2026-05-04T11:15:00,490000000045,2,1.99
2026-05-04T11:22:00,490000000046,1,1.89
2026-05-04T11:29:00,490000000047,1,2.19
2026-05-04T11:36:00,490000000048,1,1.49
2026-05-05T12:07:00,490000000001,6,2.49
2026-05-05T12:14:00,490000000002,7,2.49
2026-05-05T12:21:00,490000000003,5,2.49
2026-05-05T12:28:00,490000000004,7,2.39
2026-05-05T12:35:00,490000000005,4,2.39
2026-05-05T12:42:00,490000000006,4,2.49
2026-05-05T12:49:00,490000000007,6,3.49
2026-05-05T12:56:00,490000000008,6,3.29
2026-05-05T12:03:00,490000000009,3,2.69
2026-05-05T12:10:00,490000000010,3,2.69
2026-05-05T12:17:00,490000000011,9,1.79
2026-05-05T12:24:00,490000000012,3,1.49
2026-05-05T12:31:00,490000000013,3,2.19
2026-05-05T12:38:00,490000000014,3,2.19
2026-05-05T12:45:00,490000000015,3,2.49
2026-05-05T12:52:00,490000000016,4,2.49
2026-05-05T12:59:00,490000000017,3,2.49
2026-05-05T12:06:00,490000000018,2,2.49
2026-05-05T12:13:00,490000000019,2,2.39
2026-05-05T12:20:00,490000000020,4,2.79
2026-05-05T12:27:00,490000000021,2,2.99
2026-05-05T12:34:00,490000000022,1,2.59
2026-05-05T12:41:00,490000000023,2,2.39
2026-05-05T12:48:00,490000000024,2,2.49
2026-05-05T12:55:00,490000000025,5,1.69
2026-05-05T12:02:00,490000000026,3,1.69
2026-05-05T12:09:00,490000000027,3,1.59
2026-05-05T12:16:00,490000000028,4,1.69
2026-05-05T12:23:00,490000000029,3,1.89
2026-05-05T12:30:00,490000000030,3,1.89
2026-05-05T12:37:00,490000000031,4,1.79
2026-05-05T12:44:00,490000000032,2,1.79
2026-05-05T12:51:00,490000000033,3,2.09
2026-05-05T12:58:00,490000000034,3,2.19
2026-05-05T12:05:00,490000000035,1,1.69
2026-05-05T12:12:00,490000000036,1,1.59
2026-05-05T12:19:00,490000000037,1,3.29
2026-05-05T12:26:00,490000000038,1,7.49
2026-05-05T12:33:00,490000000039,1,3.19
2026-05-05T12:47:00,490000000041,1,3.99
2026-05-05T12:08:00,490000000044,2,2.49
2026-05-05T12:15:00,490000000045,1,1.99
2026-05-05T12:29:00,490000000047,1,2.19
2026-05-05T12:36:00,490000000048,1,1.49
2026-05-06T13:07:00,490000000001,9,2.49
2026-05-06T13:14:00,490000000002,7,2.49
2026-05-06T13:21:00,490000000003,5,2.49
2026-05-06T13:28:00,490000000004,9,2.39
2026-05-06T13:35:00,490000000005,7,2.39
2026-05-06T13:42:00,490000000006,5,2.49
2026-05-06T13:49:00,490000000007,7,3.49
2026-05-06T13:56:00,490000000008,6,3.29
2026-05-06T13:03:00,490000000009,3,2.69
2026-05-06T13:10:00,490000000010,3,2.69
2026-05-06T13:17:00,490000000011,9,1.79
2026-05-06T13:24:00,490000000012,5,1.49
2026-05-06T13:31:00,490000000013,4,2.19
2026-05-06T13:38:00,490000000014,3,2.19
2026-05-06T13:45:00,490000000015,5,2.49
2026-05-06T13:52:00,490000000016,3,2.49
2026-05-06T13:59:00,490000000017,3,2.49
2026-05-06T13:06:00,490000000018,2,2.49
2026-05-06T13:13:00,490000000019,2,2.39
2026-05-06T13:20:00,490000000020,3,2.79
2026-05-06T13:27:00,490000000021,1,2.99
2026-05-06T13:34:00,490000000022,1,2.59
2026-05-06T13:41:00,490000000023,2,2.39
2026-05-06T13:48:00,490000000024,3,2.49
2026-05-06T13:55:00,490000000025,5,1.69
2026-05-06T13:02:00,490000000026,4,1.69
2026-05-06T13:09:00,490000000027,5,1.59
2026-05-06T13:16:00,490000000028,4,1.69
2026-05-06T13:23:00,490000000029,4,1.89
2026-05-06T13:30:00,490000000030,2,1.89
2026-05-06T13:37:00,490000000031,5,1.79
2026-05-06T13:44:00,490000000032,3,1.79
2026-05-06T13:51:00,490000000033,3,2.09
2026-05-06T13:58:00,490000000034,3,2.19
2026-05-06T13:05:00,490000000035,1,1.69
2026-05-06T13:12:00,490000000036,2,1.59
2026-05-06T13:19:00,490000000037,1,3.29
2026-05-06T13:33:00,490000000039,1,3.19
2026-05-06T13:40:00,490000000040,1,5.99
2026-05-06T13:54:00,490000000042,1,4.49
2026-05-06T13:01:00,490000000043,1,6.99
2026-05-06T13:08:00,490000000044,2,2.49
2026-05-06T13:15:00,490000000045,1,1.99
2026-05-06T13:22:00,490000000046,1,1.89
2026-05-06T13:29:00,490000000047,1,2.19
2026-05-06T13:36:00,490000000048,1,1.49
2026-05-07T14:07:00,490000000001,9,2.49
2026-05-07T14:14:00,490000000002,5,2.49
2026-05-07T14:21:00,490000000003,4,2.49
2026-05-07T14:28:00,490000000004,8,2.39
2026-05-07T14:35:00,490000000005,5,2.39
2026-05-07T14:42:00,490000000006,5,2.49
2026-05-07T14:49:00,490000000007,5,3.49
2026-05-07T14:56:00,490000000008,7,3.29
2026-05-07T14:03:00,490000000009,4,2.69
2026-05-07T14:10:00,490000000010,4,2.69
2026-05-07T14:17:00,490000000011,9,1.79
2026-05-07T14:24:00,490000000012,3,1.49
2026-05-07T14:31:00,490000000013,4,2.19
2026-05-07T14:38:00,490000000014,3,2.19
2026-05-07T14:45:00,490000000015,3,2.49
2026-05-07T14:52:00,490000000016,3,2.49
2026-05-07T14:59:00,490000000017,4,2.49
2026-05-07T14:06:00,490000000018,2,2.49
2026-05-07T14:13:00,490000000019,3,2.39
2026-05-07T14:20:00,490000000020,4,2.79
2026-05-07T14:27:00,490000000021,2,2.99
2026-05-07T14:34:00,490000000022,2,2.59
2026-05-07T14:41:00,490000000023,3,2.39
2026-05-07T14:48:00,490000000024,3,2.49
2026-05-07T14:55:00,490000000025,6,1.69
2026-05-07T14:02:00,490000000026,5,1.69
2026-05-07T14:09:00,490000000027,4,1.59
2026-05-07T14:16:00,490000000028,6,1.69
2026-05-07T14:23:00,490000000029,4,1.89
2026-05-07T14:30:00,490000000030,4,1.89
2026-05-07T14:37:00,490000000031,4,1.79
2026-05-07T14:44:00,490000000032,3,1.79
2026-05-07T14:51:00,490000000033,3,2.09
2026-05-07T14:58:00,490000000034,3,2.19
2026-05-07T14:05:00,490000000035,2,1.69
2026-05-07T14:12:00,490000000036,2,1.59
2026-05-07T14:19:00,490000000037,1,3.29
2026-05-07T14:26:00,490000000038,1,7.49
2026-05-07T14:47:00,490000000041,1,3.99
2026-05-07T14:08:00,490000000044,2,2.49
2026-05-07T14:15:00,490000000045,1,1.99
2026-05-07T14:22:00,490000000046,1,1.89
2026-05-07T14:29:00,490000000047,1,2.19
2026-05-07T14:36:00,490000000048,1,1.49
2026-05-08T15:07:00,490000000001,11,2.49
2026-05-08T15:14:00,490000000002,7,2.49
2026-05-08T15:21:00,490000000003,5,2.49
2026-05-08T15:28:00,490000000004,8,2.39
2026-05-08T15:35:00,490000000005,8,2.39
2026-05-08T15:42:00,490000000006,6,2.49
2026-05-08T15:49:00,490000000007,10,3.49
2026-05-08T15:56:00,490000000008,9,3.29
2026-05-08T15:03:00,490000000009,5,2.69
2026-05-08T15:10:00,490000000010,5,2.69
2026-05-08T15:17:00,490000000011,7,1.79
2026-05-08T15:24:00,490000000012,6,1.49
2026-05-08T15:31:00,490000000013,3,2.19
2026-05-08T15:38:00,490000000014,4,2.19
2026-05-08T15:45:00,490000000015,6,2.49
2026-05-08T15:52:00,490000000016,3,2.49
2026-05-08T15:59:00,490000000017,4,2.49
2026-05-08T15:06:00,490000000018,3,2.49
2026-05-08T15:13:00,490000000019,3,2.39
2026-05-08T15:20:00,490000000020,6,2.79
2026-05-08T15:27:00,490000000021,2,2.99
2026-05-08T15:34:00,490000000022,2,2.59
2026-05-08T15:41:00,490000000023,4,2.39
2026-05-08T15:48:00,490000000024,3,2.49
2026-05-08T15:55:00,490000000025,7,1.69
2026-05-08T15:02:00,490000000026,5,1.69
2026-05-08T15:09:00,490000000027,5,1.59
2026-05-08T15:16:00,490000000028,6,1.69
2026-05-08T15:23:00,490000000029,5,1.89
2026-05-08T15:30:00,490000000030,5,1.89
2026-05-08T15:37:00,490000000031,4,1.79
2026-05-08T15:44:00,490000000032,4,1.79
2026-05-08T15:51:00,490000000033,5,2.09
2026-05-08T15:58:00,490000000034,3,2.19
2026-05-08T15:05:00,490000000035,2,1.69
2026-05-08T15:12:00,490000000036,3,1.59
2026-05-08T15:19:00,490000000037,2,3.29
2026-05-08T15:26:00,490000000038,1,7.49
2026-05-08T15:01:00,490000000043,1,6.99
2026-05-08T15:08:00,490000000044,2,2.49
2026-05-08T15:15:00,490000000045,2,1.99
2026-05-08T15:29:00,490000000047,1,2.19
2026-05-08T15:36:00,490000000048,1,1.49
2026-05-09T16:07:00,490000000001,9,2.49
2026-05-09T16:14:00,490000000002,7,2.49
2026-05-09T16:21:00,490000000003,6,2.49
2026-05-09T16:28:00,490000000004,8,2.39
2026-05-09T16:35:00,490000000005,6,2.39
2026-05-09T16:42:00,490000000006,6,2.49
2026-05-09T16:49:00,490000000007,6,3.49
2026-05-09T16:56:00,490000000008,7,3.29
2026-05-09T16:03:00,490000000009,5,2.69
2026-05-09T16:10:00,490000000010,5,2.69
2026-05-09T16:17:00,490000000011,9,1.79
2026-05-09T16:24:00,490000000012,4,1.49
2026-05-09T16:31:00,490000000013,4,2.19
2026-05-09T16:38:00,490000000014,3,2.19
2026-05-09T16:45:00,490000000015,4,2.49
2026-05-09T16:52:00,490000000016,3,2.49
2026-05-09T16:59:00,490000000017,3,2.49
2026-05-09T16:06:00,490000000018,4,2.49
2026-05-09T16:13:00,490000000019,3,2.39
2026-05-09T16:20:00,490000000020,6,2.79
2026-05-09T16:27:00,490000000021,2,2.99
2026-05-09T16:34:00,490000000022,2,2.59
2026-05-09T16:41:00,490000000023,3,2.39
2026-05-09T16:48:00,490000000024,3,2.49
2026-05-09T16:55:00,490000000025,6,1.69
2026-05-09T16:02:00,490000000026,4,1.69
2026-05-09T16:09:00,490000000027,4,1.59
2026-05-09T16:16:00,490000000028,5,1.69
2026-05-09T16:23:00,490000000029,4,1.89
2026-05-09T16:30:00,490000000030,4,1.89
2026-05-09T16:37:00,490000000031,5,1.79
2026-05-09T16:44:00,490000000032,5,1.79
2026-05-09T16:51:00,490000000033,4,2.09
2026-05-09T16:58:00,490000000034,3,2.19
2026-05-09T16:05:00,490000000035,2,1.69
2026-05-09T16:12:00,490000000036,2,1.59
2026-05-09T16:19:00,490000000037,1,3.29
2026-05-09T16:01:00,490000000043,1,6.99
2026-05-09T16:08:00,490000000044,2,2.49
2026-05-09T16:15:00,490000000045,1,1.99
2026-05-09T16:29:00,490000000047,1,2.19
2026-05-09T16:36:00,490000000048,1,1.49
2026-05-10T17:07:00,490000000001,10,2.49
2026-05-10T17:14:00,490000000002,7,2.49
2026-05-10T17:21:00,490000000003,4,2.49
2026-05-10T17:28:00,490000000004,8,2.39
2026-05-10T17:35:00,490000000005,5,2.39
2026-05-10T17:42:00,490000000006,4,2.49
2026-05-10T17:49:00,490000000007,6,3.49
2026-05-10T17:56:00,490000000008,6,3.29
2026-05-10T17:03:00,490000000009,4,2.69
2026-05-10T17:10:00,490000000010,4,2.69
2026-05-10T17:17:00,490000000011,8,1.79
2026-05-10T17:24:00,490000000012,3,1.49
2026-05-10T17:31:00,490000000013,3,2.19
2026-05-10T17:38:00,490000000014,3,2.19
2026-05-10T17:45:00,490000000015,3,2.49
2026-05-10T17:52:00,490000000016,3,2.49
2026-05-10T17:59:00,490000000017,4,2.49
2026-05-10T17:06:00,490000000018,2,2.49
2026-05-10T17:13:00,490000000019,3,2.39
2026-05-10T17:20:00,490000000020,4,2.79
2026-05-10T17:27:00,490000000021,2,2.99
2026-05-10T17:34:00,490000000022,2,2.59
2026-05-10T17:41:00,490000000023,2,2.39
2026-05-10T17:48:00,490000000024,3,2.49
2026-05-10T17:55:00,490000000025,6,1.69
2026-05-10T17:02:00,490000000026,3,1.69
2026-05-10T17:09:00,490000000027,5,1.59
2026-05-10T17:16:00,490000000028,4,1.69
2026-05-10T17:23:00,490000000029,4,1.89
2026-05-10T17:30:00,490000000030,4,1.89
2026-05-10T17:37:00,490000000031,5,1.79
2026-05-10T17:44:00,490000000032,4,1.79
2026-05-10T17:51:00,490000000033,5,2.09
2026-05-10T17:58:00,490000000034,3,2.19
2026-05-10T17:05:00,490000000035,2,1.69
2026-05-10T17:12:00,490000000036,1,1.59
2026-05-10T17:19:00,490000000037,1,3.29
2026-05-10T17:26:00,490000000038,1,7.49
2026-05-10T17:33:00,490000000039,1,3.19
2026-05-10T17:47:00,490000000041,1,3.99
2026-05-10T17:01:00,490000000043,1,6.99
2026-05-10T17:08:00,490000000044,2,2.49
2026-05-10T17:15:00,490000000045,1,1.99
2026-05-10T17:29:00,490000000047,1,2.19
2026-05-10T17:36:00,490000000048,1,1.49
2026-05-11T18:07:00,490000000001,8,2.49
2026-05-11T18:14:00,490000000002,6,2.49
2026-05-11T18:21:00,490000000003,5,2.49
2026-05-11T18:28:00,490000000004,8,2.39
2026-05-11T18:35:00,490000000005,6,2.39
2026-05-11T18:42:00,490000000006,6,2.49
2026-05-11T18:49:00,490000000007,7,3.49
2026-05-11T18:56:00,490000000008,6,3.29
2026-05-11T18:03:00,490000000009,4,2.69
2026-05-11T18:10:00,490000000010,3,2.69
2026-05-11T18:17:00,490000000011,8,1.79
2026-05-11T18:24:00,490000000012,4,1.49
2026-05-11T18:31:00,490000000013,4,2.19
2026-05-11T18:38:00,490000000014,2,2.19
2026-05-11T18:45:00,490000000015,4,2.49
2026-05-11T18:52:00,490000000016,4,2.49
2026-05-11T18:59:00,490000000017,4,2.49
2026-05-11T18:06:00,490000000018,2,2.49
2026-05-11T18:13:00,490000000019,2,2.39
2026-05-11T18:20:00,490000000020,3,2.79
2026-05-11T18:27:00,490000000021,2,2.99
2026-05-11T18:34:00,490000000022,2,2.59
2026-05-11T18:41:00,490000000023,2,2.39
2026-05-11T18:48:00,490000000024,3,2.49
2026-05-11T18:55:00,490000000025,5,1.69
2026-05-11T18:02:00,490000000026,5,1.69
2026-05-11T18:09:00,490000000027,4,1.59
2026-05-11T18:16:00,490000000028,6,1.69
2026-05-11T18:23:00,490000000029,4,1.89
2026-05-11T18:30:00,490000000030,3,1.89
2026-05-11T18:37:00,490000000031,5,1.79
2026-05-11T18:44:00,490000000032,3,1.79
2026-05-11T18:51:00,490000000033,3,2.09
2026-05-11T18:58:00,490000000034,2,2.19
2026-05-11T18:05:00,490000000035,1,1.69
2026-05-11T18:12:00,490000000036,2,1.59
2026-05-11T18:19:00,490000000037,1,3.29
2026-05-11T18:26:00,490000000038,1,7.49
2026-05-11T18:40:00,490000000040,1,5.99
2026-05-11T18:54:00,490000000042,1,4.49
2026-05-11T18:08:00,490000000044,2,2.49
2026-05-11T18:15:00,490000000045,1,1.99
2026-05-11T18:22:00,490000000046,1,1.89
2026-05-11T18:29:00,490000000047,1,2.19
2026-05-11T18:36:00,490000000048,1,1.49
2026-05-12T19:07:00,490000000001,8,2.49
2026-05-12T19:14:00,490000000002,6,2.49
2026-05-12T19:21:00,490000000003,5,2.49
2026-05-12T19:28:00,490000000004,7,2.39
2026-05-12T19:35:00,490000000005,4,2.39
2026-05-12T19:42:00,490000000006,5,2.49
2026-05-12T19:49:00,490000000007,5,3.49
2026-05-12T19:56:00,490000000008,4,3.29
2026-05-12T19:03:00,490000000009,2,2.69
2026-05-12T19:10:00,490000000010,2,2.69
2026-05-12T19:17:00,490000000011,6,1.79
2026-05-12T19:24:00,490000000012,3,1.49
2026-05-12T19:31:00,490000000013,3,2.19
2026-05-12T19:38:00,490000000014,2,2.19
2026-05-12T19:45:00,490000000015,3,2.49
2026-05-12T19:52:00,490000000016,3,2.49
2026-05-12T19:59:00,490000000017,2,2.49
2026-05-12T19:06:00,490000000018,2,2.49
2026-05-12T19:13:00,490000000019,3,2.39
2026-05-12T19:20:00,490000000020,5,2.79
2026-05-12T19:27:00,490000000021,2,2.99
2026-05-12T19:34:00,490000000022,2,2.59
2026-05-12T19:41:00,490000000023,3,2.39
2026-05-12T19:48:00,490000000024,2,2.49
2026-05-12T19:55:00,490000000025,6,1.69
2026-05-12T19:02:00,490000000026,4,1.69
2026-05-12T19:09:00,490000000027,3,1.59
2026-05-12T19:16:00,490000000028,4,1.69
2026-05-12T19:23:00,490000000029,4,1.89
2026-05-12T19:30:00,490000000030,3,1.89
2026-05-12T19:37:00,490000000031,4,1.79
2026-05-12T19:44:00,490000000032,2,1.79
2026-05-12T19:51:00,490000000033,3,2.09
2026-05-12T19:58:00,490000000034,3,2.19
2026-05-12T19:05:00,490000000035,2,1.69
2026-05-12T19:12:00,490000000036,1,1.59
2026-05-12T19:19:00,490000000037,1,3.29
2026-05-12T19:26:00,490000000038,1,7.49
2026-05-12T19:01:00,490000000043,1,6.99
2026-05-12T19:08:00,490000000044,1,2.49
2026-05-12T19:15:00,490000000045,1,1.99
2026-05-12T19:22:00,490000000046,1,1.89
2026-05-12T19:29:00,490000000047,1,2.19
2026-05-12T19:36:00,490000000048,1,1.49
2026-05-13T10:07:00,490000000001,11,2.49
2026-05-13T10:14:00,490000000002,7,2.49
2026-05-13T10:21:00,490000000003,5,2.49
2026-05-13T10:28:00,490000000004,7,2.39
2026-05-13T10:35:00,490000000005,4,2.39
2026-05-13T10:42:00,490000000006,4,2.49
2026-05-13T10:49:00,490000000007,5,3.49
2026-05-13T10:56:00,490000000008,5,3.29
2026-05-13T10:03:00,490000000009,3,2.69
2026-05-13T10:10:00,490000000010,3,2.69
2026-05-13T10:17:00,490000000011,8,1.79
2026-05-13T10:24:00,490000000012,4,1.49
2026-05-13T10:31:00,490000000013,3,2.19
2026-05-13T10:38:00,490000000014,3,2.19
2026-05-13T10:45:00,490000000015,3,2.49
2026-05-13T10:52:00,490000000016,4,2.49
2026-05-13T10:59:00,490000000017,3,2.49
2026-05-13T10:06:00,490000000018,2,2.49
2026-05-13T10:13:00,490000000019,3,2.39
2026-05-13T10:20:00,490000000020,5,2.79
2026-05-13T10:27:00,490000000021,2,2.99
2026-05-13T10:34:00,490000000022,2,2.59
2026-05-13T10:41:00,490000000023,3,2.39
2026-05-13T10:48:00,490000000024,2,2.49
2026-05-13T10:55:00,490000000025,6,1.69
2026-05-13T10:02:00,490000000026,6,1.69
2026-05-13T10:09:00,490000000027,5,1.59
2026-05-13T10:16:00,490000000028,6,1.69
2026-05-13T10:23:00,490000000029,4,1.89
2026-05-13T10:30:00,490000000030,3,1.89
2026-05-13T10:37:00,490000000031,4,1.79
2026-05-13T10:44:00,490000000032,3,1.79
2026-05-13T10:51:00,490000000033,3,2.09
2026-05-13T10:58:00,490000000034,3,2.19
2026-05-13T10:05:00,490000000035,2,1.69
2026-05-13T10:12:00,490000000036,2,1.59
2026-05-13T10:19:00,490000000037,1,3.29
2026-05-13T10:33:00,490000000039,1,3.19
2026-05-13T10:47:00,490000000041,1,3.99
2026-05-13T10:08:00,490000000044,2,2.49
2026-05-13T10:15:00,490000000045,1,1.99
2026-05-13T10:22:00,490000000046,1,1.89
2026-05-13T10:29:00,490000000047,1,2.19
2026-05-13T10:36:00,490000000048,1,1.49
2026-05-14T11:07:00,490000000001,10,2.49
2026-05-14T11:14:00,490000000002,5,2.49
2026-05-14T11:21:00,490000000003,4,2.49
2026-05-14T11:28:00,490000000004,5,2.39
2026-05-14T11:35:00,490000000005,6,2.39
2026-05-14T11:42:00,490000000006,5,2.49
2026-05-14T11:49:00,490000000007,7,3.49
2026-05-14T11:56:00,490000000008,6,3.29
2026-05-14T11:03:00,490000000009,3,2.69
2026-05-14T11:10:00,490000000010,3,2.69
2026-05-14T11:17:00,490000000011,7,1.79
2026-05-14T11:24:00,490000000012,3,1.49
2026-05-14T11:31:00,490000000013,3,2.19
2026-05-14T11:38:00,490000000014,3,2.19
2026-05-14T11:45:00,490000000015,3,2.49
2026-05-14T11:52:00,490000000016,4,2.49
2026-05-14T11:59:00,490000000017,3,2.49
2026-05-14T11:06:00,490000000018,3,2.49
2026-05-14T11:13:00,490000000019,3,2.39
2026-05-14T11:20:00,490000000020,4,2.79
2026-05-14T11:27:00,490000000021,3,2.99
2026-05-14T11:34:00,490000000022,2,2.59
2026-05-14T11:41:00,490000000023,2,2.39
2026-05-14T11:48:00,490000000024,3,2.49
2026-05-14T11:55:00,490000000025,7,1.69
2026-05-14T11:02:00,490000000026,4,1.69
2026-05-14T11:09:00,490000000027,5,1.59
2026-05-14T11:16:00,490000000028,5,1.69
2026-05-14T11:23:00,490000000029,5,1.89
2026-05-14T11:30:00,490000000030,3,1.89
2026-05-14T11:37:00,490000000031,4,1.79
2026-05-14T11:44:00,490000000032,3,1.79
2026-05-14T11:51:00,490000000033,4,2.09
2026-05-14T11:58:00,490000000034,3,2.19
2026-05-14T11:05:00,490000000035,1,1.69
2026-05-14T11:12:00,490000000036,2,1.59
2026-05-14T11:19:00,490000000037,1,3.29
2026-05-14T11:26:00,490000000038,1,7.49
2026-05-14T11:33:00,490000000039,1,3.19
2026-05-14T11:47:00,490000000041,1,3.99
2026-05-14T11:08:00,490000000044,1,2.49
2026-05-14T11:15:00,490000000045,1,1.99
2026-05-14T11:22:00,490000000046,1,1.89
2026-05-14T11:29:00,490000000047,1,2.19
2026-05-14T11:36:00,490000000048,1,1.49
2026-05-15T12:07:00,490000000001,10,2.49
2026-05-15T12:14:00,490000000002,6,2.49
2026-05-15T12:21:00,490000000003,5,2.49
2026-05-15T12:28:00,490000000004,7,2.39
2026-05-15T12:35:00,490000000005,7,2.39
2026-05-15T12:42:00,490000000006,5,2.49
2026-05-15T12:49:00,490000000007,7,3.49
2026-05-15T12:56:00,490000000008,5,3.29
2026-05-15T12:03:00,490000000009,5,2.69
2026-05-15T12:10:00,490000000010,5,2.69
2026-05-15T12:17:00,490000000011,7,1.79
2026-05-15T12:24:00,490000000012,5,1.49
2026-05-15T12:31:00,490000000013,4,2.19
2026-05-15T12:38:00,490000000014,3,2.19
2026-05-15T12:45:00,490000000015,4,2.49
2026-05-15T12:52:00,490000000016,3,2.49
2026-05-15T12:59:00,490000000017,4,2.49
2026-05-15T12:06:00,490000000018,3,2.49
2026-05-15T12:13:00,490000000019,3,2.39
2026-05-15T12:20:00,490000000020,5,2.79
2026-05-15T12:27:00,490000000021,3,2.99
2026-05-15T12:34:00,490000000022,2,2.59
2026-05-15T12:41:00,490000000023,4,2.39
2026-05-15T12:48:00,490000000024,4,2.49
2026-05-15T12:55:00,490000000025,8,1.69
2026-05-15T12:02:00,490000000026,7,1.69
2026-05-15T12:09:00,490000000027,7,1.59
2026-05-15T12:16:00,490000000028,5,1.69
2026-05-15T12:23:00,490000000029,4,1.89
2026-05-15T12:30:00,490000000030,4,1.89
2026-05-15T12:37:00,490000000031,4,1.79
2026-05-15T12:44:00,490000000032,3,1.79
2026-05-15T12:51:00,490000000033,4,2.09
2026-05-15T12:58:00,490000000034,2,2.19
2026-05-15T12:05:00,490000000035,1,1.69
2026-05-15T12:12:00,490000000036,2,1.59
2026-05-15T12:19:00,490000000037,1,3.29
2026-05-15T12:26:00,490000000038,1,7.49
2026-05-15T12:33:00,490000000039,1,3.19
2026-05-15T12:08:00,490000000044,2,2.49
2026-05-15T12:15:00,490000000045,1,1.99
2026-05-15T12:22:00,490000000046,1,1.89
2026-05-15T12:29:00,490000000047,1,2.19
2026-05-15T12:36:00,490000000048,1,1.49
2026-05-16T13:07:00,490000000001,8,2.49
2026-05-16T13:14:00,490000000002,8,2.49
2026-05-16T13:21:00,490000000003,6,2.49
2026-05-16T13:28:00,490000000004,7,2.39
2026-05-16T13:35:00,490000000005,6,2.39
2026-05-16T13:42:00,490000000006,4,2.49
2026-05-16T13:49:00,490000000007,6,3.49
2026-05-16T13:56:00,490000000008,7,3.29
2026-05-16T13:03:00,490000000009,3,2.69
2026-05-16T13:10:00,490000000010,4,2.69
2026-05-16T13:17:00,490000000011,8,1.79
2026-05-16T13:24:00,490000000012,5,1.49
2026-05-16T13:31:00,490000000013,3,2.19
2026-05-16T13:38:00,490000000014,4,2.19
2026-05-16T13:45:00,490000000015,5,2.49
2026-05-16T13:52:00,490000000016,5,2.49
2026-05-16T13:59:00,490000000017,5,2.49
2026-05-16T13:06:00,490000000018,3,2.49
2026-05-16T13:13:00,490000000019,3,2.39
2026-05-16T13:20:00,490000000020,6,2.79
2026-05-16T13:27:00,490000000021,2,2.99
2026-05-16T13:34:00,490000000022,3,2.59
2026-05-16T13:41:00,490000000023,3,2.39
2026-05-16T13:48:00,490000000024,4,2.49
2026-05-16T13:55:00,490000000025,5,1.69
2026-05-16T13:02:00,490000000026,6,1.69
2026-05-16T13:09:00,490000000027,5,1.59
2026-05-16T13:16:00,490000000028,5,1.69
2026-05-16T13:23:00,490000000029,4,1.89
2026-05-16T13:30:00,490000000030,4,1.89
2026-05-16T13:37:00,490000000031,6,1.79
2026-05-16T13:44:00,490000000032,3,1.79
2026-05-16T13:51:00,490000000033,4,2.09
2026-05-16T13:58:00,490000000034,2,2.19
2026-05-16T13:05:00,490000000035,2,1.69
2026-05-16T13:12:00,490000000036,2,1.59
2026-05-16T13:19:00,490000000037,1,3.29
2026-05-16T13:26:00,490000000038,1,7.49
2026-05-16T13:33:00,490000000039,1,3.19
2026-05-16T13:54:00,490000000042,1,4.49
2026-05-16T13:01:00,490000000043,1,6.99
2026-05-16T13:08:00,490000000044,2,2.49
2026-05-16T13:15:00,490000000045,1,1.99
2026-05-16T13:22:00,490000000046,1,1.89
2026-05-16T13:29:00,490000000047,1,2.19
2026-05-16T13:36:00,490000000048,1,1.49
2026-05-17T14:07:00,490000000001,9,2.49
2026-05-17T14:14:00,490000000002,7,2.49
2026-05-17T14:21:00,490000000003,4,2.49
2026-05-17T14:28:00,490000000004,8,2.39
2026-05-17T14:35:00,490000000005,4,2.39
2026-05-17T14:42:00,490000000006,4,2.49
2026-05-17T14:49:00,490000000007,5,3.49
2026-05-17T14:56:00,490000000008,6,3.29
2026-05-17T14:03:00,490000000009,3,2.69
2026-05-17T14:10:00,490000000010,3,2.69
2026-05-17T14:17:00,490000000011,9,1.79
2026-05-17T14:24:00,490000000012,3,1.49
2026-05-17T14:31:00,490000000013,3,2.19
2026-05-17T14:38:00,490000000014,3,2.19
2026-05-17T14:45:00,490000000015,5,2.49
2026-05-17T14:52:00,490000000016,3,2.49
2026-05-17T14:59:00,490000000017,4,2.49
2026-05-17T14:06:00,490000000018,3,2.49
2026-05-17T14:13:00,490000000019,3,2.39
2026-05-17T14:20:00,490000000020,4,2.79
2026-05-17T14:27:00,490000000021,2,2.99
2026-05-17T14:34:00,490000000022,2,2.59
2026-05-17T14:41:00,490000000023,3,2.39
2026-05-17T14:48:00,490000000024,2,2.49
2026-05-17T14:55:00,490000000025,6,1.69
2026-05-17T14:02:00,490000000026,4,1.69
2026-05-17T14:09:00,490000000027,5,1.59
2026-05-17T14:16:00,490000000028,5,1.69
2026-05-17T14:23:00,490000000029,4,1.89
2026-05-17T14:30:00,490000000030,2,1.89
2026-05-17T14:37:00,490000000031,4,1.79
2026-05-17T14:44:00,490000000032,2,1.79
2026-05-17T14:51:00,490000000033,3,2.09
2026-05-17T14:58:00,490000000034,3,2.19
2026-05-17T14:05:00,490000000035,1,1.69
2026-05-17T14:12:00,490000000036,2,1.59
2026-05-17T14:19:00,490000000037,1,3.29
2026-05-17T14:33:00,490000000039,1,3.19
2026-05-17T14:40:00,490000000040,1,5.99
2026-05-17T14:54:00,490000000042,1,4.49
2026-05-17T14:01:00,490000000043,1,6.99
2026-05-17T14:08:00,490000000044,2,2.49
2026-05-17T14:15:00,490000000045,1,1.99
2026-05-17T14:22:00,490000000046,1,1.89
2026-05-17T14:29:00,490000000047,1,2.19
2026-05-17T14:36:00,490000000048,1,1.49
2026-05-18T15:07:00,490000000001,10,2.49
2026-05-18T15:14:00,490000000002,5,2.49
2026-05-18T15:21:00,490000000003,4,2.49
2026-05-18T15:28:00,490000000004,7,2.39
2026-05-18T15:35:00,490000000005,4,2.39
2026-05-18T15:42:00,490000000006,3,2.49
2026-05-18T15:49:00,490000000007,5,3.49
2026-05-18T15:56:00,490000000008,4,3.29
2026-05-18T15:03:00,490000000009,4,2.69
2026-05-18T15:10:00,490000000010,4,2.69
2026-05-18T15:17:00,490000000011,6,1.79
2026-05-18T15:24:00,490000000012,4,1.49
2026-05-18T15:31:00,490000000013,3,2.19
2026-05-18T15:38:00,490000000014,2,2.19
2026-05-18T15:45:00,490000000015,4,2.49
2026-05-18T15:52:00,490000000016,4,2.49
2026-05-18T15:59:00,490000000017,3,2.49
2026-05-18T15:06:00,490000000018,2,2.49
2026-05-18T15:13:00,490000000019,4,2.39
2026-05-18T15:20:00,490000000020,4,2.79
2026-05-18T15:27:00,490000000021,2,2.99
2026-05-18T15:34:00,490000000022,2,2.59
2026-05-18T15:41:00,490000000023,3,2.39
2026-05-18T15:48:00,490000000024,3,2.49
2026-05-18T15:55:00,490000000025,7,1.69
2026-05-18T15:02:00,490000000026,4,1.69
2026-05-18T15:09:00,490000000027,3,1.59
2026-05-18T15:16:00,490000000028,5,1.69
2026-05-18T15:23:00,490000000029,5,1.89
2026-05-18T15:30:00,490000000030,3,1.89
2026-05-18T15:37:00,490000000031,3,1.79
2026-05-18T15:44:00,490000000032,3,1.79
2026-05-18T15:51:00,490000000033,4,2.09
2026-05-18T15:58:00,490000000034,3,2.19
2026-05-18T15:05:00,490000000035,1,1.69
2026-05-18T15:12:00,490000000036,2,1.59
2026-05-18T15:19:00,490000000037,1,3.29
2026-05-18T15:26:00,490000000038,1,7.49
2026-05-18T15:33:00,490000000039,1,3.19
2026-05-18T15:47:00,490000000041,1,3.99
2026-05-18T15:01:00,490000000043,1,6.99
2026-05-18T15:08:00,490000000044,2,2.49
2026-05-18T15:15:00,490000000045,1,1.99
2026-05-18T15:29:00,490000000047,1,2.19
2026-05-18T15:36:00,490000000048,1,1.49
2026-05-19T16:07:00,490000000001,8,2.49
2026-05-19T16:14:00,490000000002,6,2.49
2026-05-19T16:21:00,490000000003,3,2.49
2026-05-19T16:28:00,490000000004,5,2.39
2026-05-19T16:35:00,490000000005,3,2.39
2026-05-19T16:42:00,490000000006,4,2.49
2026-05-19T16:49:00,490000000007,4,3.49
2026-05-19T16:56:00,490000000008,4,3.29
2026-05-19T16:03:00,490000000009,3,2.69
2026-05-19T16:10:00,490000000010,3,2.69
2026-05-19T16:17:00,490000000011,7,1.79
2026-05-19T16:24:00,490000000012,4,1.49
2026-05-19T16:31:00,490000000013,3,2.19
2026-05-19T16:38:00,490000000014,3,2.19
2026-05-19T16:45:00,490000000015,3,2.49
2026-05-19T16:52:00,490000000016,3,2.49
2026-05-19T16:59:00,490000000017,4,2.49
2026-05-19T16:06:00,490000000018,2,2.49
2026-05-19T16:13:00,490000000019,3,2.39
2026-05-19T16:20:00,490000000020,3,2.79
2026-05-19T16:27:00,490000000021,2,2.99
2026-05-19T16:34:00,490000000022,2,2.59
2026-05-19T16:41:00,490000000023,3,2.39
2026-05-19T16:48:00,490000000024,3,2.49
2026-05-19T16:55:00,490000000025,4,1.69
2026-05-19T16:02:00,490000000026,3,1.69
2026-05-19T16:09:00,490000000027,3,1.59
2026-05-19T16:16:00,490000000028,4,1.69
2026-05-19T16:23:00,490000000029,4,1.89
2026-05-19T16:30:00,490000000030,2,1.89
2026-05-19T16:37:00,490000000031,3,1.79
2026-05-19T16:44:00,490000000032,2,1.79
2026-05-19T16:51:00,490000000033,3,2.09
2026-05-19T16:58:00,490000000034,2,2.19
2026-05-19T16:05:00,490000000035,1,1.69
2026-05-19T16:12:00,490000000036,1,1.59
2026-05-19T16:19:00,490000000037,1,3.29
2026-05-19T16:33:00,490000000039,1,3.19
2026-05-19T16:40:00,490000000040,1,5.99
2026-05-19T16:47:00,490000000041,1,3.99
2026-05-19T16:08:00,490000000044,1,2.49
2026-05-19T16:15:00,490000000045,1,1.99
2026-05-19T16:29:00,490000000047,1,2.19
2026-05-19T16:36:00,490000000048,1,1.49
2026-05-20T17:07:00,490000000001,7,2.49
2026-05-20T17:14:00,490000000002,6,2.49
2026-05-20T17:21:00,490000000003,4,2.49
2026-05-20T17:28:00,490000000004,7,2.39
2026-05-20T17:35:00,490000000005,4,2.39
2026-05-20T17:42:00,490000000006,4,2.49
2026-05-20T17:49:00,490000000007,6,3.49
2026-05-20T17:56:00,490000000008,5,3.29
2026-05-20T17:03:00,490000000009,3,2.69
2026-05-20T17:10:00,490000000010,3,2.69
2026-05-20T17:17:00,490000000011,9,1.79
2026-05-20T17:24:00,490000000012,4,1.49
2026-05-20T17:31:00,490000000013,3,2.19
2026-05-20T17:38:00,490000000014,4,2.19
2026-05-20T17:45:00,490000000015,4,2.49
2026-05-20T17:52:00,490000000016,3,2.49
2026-05-20T17:59:00,490000000017,4,2.49
2026-05-20T17:06:00,490000000018,3,2.49
2026-05-20T17:13:00,490000000019,4,2.39
2026-05-20T17:20:00,490000000020,4,2.79
2026-05-20T17:27:00,490000000021,3,2.99
2026-05-20T17:34:00,490000000022,2,2.59
2026-05-20T17:41:00,490000000023,2,2.39
2026-05-20T17:48:00,490000000024,3,2.49
2026-05-20T17:55:00,490000000025,6,1.69
2026-05-20T17:02:00,490000000026,5,1.69
2026-05-20T17:09:00,490000000027,4,1.59
2026-05-20T17:16:00,490000000028,4,1.69
2026-05-20T17:23:00,490000000029,4,1.89
2026-05-20T17:30:00,490000000030,3,1.89
2026-05-20T17:37:00,490000000031,4,1.79
2026-05-20T17:44:00,490000000032,3,1.79
2026-05-20T17:51:00,490000000033,2,2.09
2026-05-20T17:58:00,490000000034,3,2.19
2026-05-20T17:05:00,490000000035,1,1.69
2026-05-20T17:12:00,490000000036,2,1.59
2026-05-20T17:19:00,490000000037,1,3.29
2026-05-20T17:33:00,490000000039,1,3.19
2026-05-20T17:47:00,490000000041,1,3.99
2026-05-20T17:54:00,490000000042,1,4.49
2026-05-20T17:01:00,490000000043,1,6.99
2026-05-20T17:08:00,490000000044,2,2.49
2026-05-20T17:15:00,490000000045,2,1.99
2026-05-20T17:22:00,490000000046,1,1.89
2026-05-20T17:29:00,490000000047,1,2.19
2026-05-20T17:36:00,490000000048,1,1.49
2026-05-21T18:07:00,490000000001,6,2.49
2026-05-21T18:14:00,490000000002,4,2.49
2026-05-21T18:21:00,490000000003,4,2.49
2026-05-21T18:28:00,490000000004,4,2.39
2026-05-21T18:35:00,490000000005,5,2.39
2026-05-21T18:42:00,490000000006,4,2.49
2026-05-21T18:49:00,490000000007,6,3.49
2026-05-21T18:56:00,490000000008,6,3.29
2026-05-21T18:03:00,490000000009,4,2.69
2026-05-21T18:10:00,490000000010,4,2.69
2026-05-21T18:17:00,490000000011,9,1.79
2026-05-21T18:24:00,490000000012,3,1.49
2026-05-21T18:31:00,490000000013,3,2.19
2026-05-21T18:38:00,490000000014,3,2.19
2026-05-21T18:45:00,490000000015,5,2.49
2026-05-21T18:52:00,490000000016,3,2.49
2026-05-21T18:59:00,490000000017,3,2.49
2026-05-21T18:06:00,490000000018,3,2.49
2026-05-21T18:13:00,490000000019,4,2.39
2026-05-21T18:20:00,490000000020,5,2.79
2026-05-21T18:27:00,490000000021,3,2.99
2026-05-21T18:34:00,490000000022,2,2.59
2026-05-21T18:41:00,490000000023,2,2.39
2026-05-21T18:48:00,490000000024,3,2.49
2026-05-21T18:55:00,490000000025,4,1.69
2026-05-21T18:02:00,490000000026,5,1.69
2026-05-21T18:09:00,490000000027,5,1.59
2026-05-21T18:16:00,490000000028,5,1.69
2026-05-21T18:23:00,490000000029,4,1.89
2026-05-21T18:30:00,490000000030,2,1.89
2026-05-21T18:37:00,490000000031,3,1.79
2026-05-21T18:44:00,490000000032,3,1.79
2026-05-21T18:51:00,490000000033,4,2.09
2026-05-21T18:58:00,490000000034,2,2.19
2026-05-21T18:05:00,490000000035,1,1.69
2026-05-21T18:12:00,490000000036,2,1.59
2026-05-21T18:19:00,490000000037,1,3.29
2026-05-21T18:26:00,490000000038,1,7.49
2026-05-21T18:33:00,490000000039,1,3.19
2026-05-21T18:47:00,490000000041,1,3.99
2026-05-21T18:08:00,490000000044,2,2.49
2026-05-21T18:15:00,490000000045,1,1.99
2026-05-21T18:22:00,490000000046,1,1.89
2026-05-21T18:29:00,490000000047,1,2.19
2026-05-21T18:36:00,490000000048,1,1.49
2026-05-22T19:07:00,490000000001,10,2.49
2026-05-22T19:14:00,490000000002,6,2.49
2026-05-22T19:21:00,490000000003,5,2.49
2026-05-22T19:28:00,490000000004,8,2.39
2026-05-22T19:35:00,490000000005,5,2.39
2026-05-22T19:42:00,490000000006,4,2.49
2026-05-22T19:49:00,490000000007,7,3.49
2026-05-22T19:56:00,490000000008,6,3.29
2026-05-22T19:03:00,490000000009,4,2.69
2026-05-22T19:10:00,490000000010,5,2.69
2026-05-22T19:17:00,490000000011,12,1.79
2026-05-22T19:24:00,490000000012,5,1.49
2026-05-22T19:31:00,490000000013,4,2.19
2026-05-22T19:38:00,490000000014,4,2.19
2026-05-22T19:45:00,490000000015,6,2.49
2026-05-22T19:52:00,490000000016,6,2.49
2026-05-22T19:59:00,490000000017,6,2.49
2026-05-22T19:06:00,490000000018,3,2.49
2026-05-22T19:13:00,490000000019,4,2.39
2026-05-22T19:20:00,490000000020,5,2.79
2026-05-22T19:27:00,490000000021,4,2.99
2026-05-22T19:34:00,490000000022,3,2.59
2026-05-22T19:41:00,490000000023,3,2.39
2026-05-22T19:48:00,490000000024,3,2.49
2026-05-22T19:55:00,490000000025,7,1.69
2026-05-22T19:02:00,490000000026,6,1.69
2026-05-22T19:09:00,490000000027,5,1.59
2026-05-22T19:16:00,490000000028,7,1.69
2026-05-22T19:23:00,490000000029,4,1.89
2026-05-22T19:30:00,490000000030,3,1.89
2026-05-22T19:37:00,490000000031,5,1.79
2026-05-22T19:44:00,490000000032,4,1.79
2026-05-22T19:51:00,490000000033,4,2.09
2026-05-22T19:58:00,490000000034,2,2.19
2026-05-22T19:05:00,490000000035,2,1.69
2026-05-22T19:12:00,490000000036,2,1.59
2026-05-22T19:19:00,490000000037,1,3.29
2026-05-22T19:26:00,490000000038,1,7.49
2026-05-22T19:08:00,490000000044,2,2.49
2026-05-22T19:15:00,490000000045,2,1.99
2026-05-22T19:22:00,490000000046,1,1.89
2026-05-22T19:29:00,490000000047,1,2.19
2026-05-22T19:36:00,490000000048,1,1.49
2026-05-23T10:07:00,490000000001,10,2.49
2026-05-23T10:14:00,490000000002,6,2.49
2026-05-23T10:21:00,490000000003,5,2.49
2026-05-23T10:28:00,490000000004,5,2.39
2026-05-23T10:35:00,490000000005,6,2.39
2026-05-23T10:42:00,490000000006,6,2.49
2026-05-23T10:49:00,490000000007,5,3.49
2026-05-23T10:56:00,490000000008,6,3.29
2026-05-23T10:03:00,490000000009,3,2.69
2026-05-23T10:10:00,490000000010,5,2.69
2026-05-23T10:17:00,490000000011,10,1.79
2026-05-23T10:24:00,490000000012,4,1.49
2026-05-23T10:31:00,490000000013,4,2.19
2026-05-23T10:38:00,490000000014,4,2.19
2026-05-23T10:45:00,490000000015,7,2.49
2026-05-23T10:52:00,490000000016,4,2.49
2026-05-23T10:59:00,490000000017,4,2.49
2026-05-23T10:06:00,490000000018,4,2.49
2026-05-23T10:13:00,490000000019,4,2.39
2026-05-23T10:20:00,490000000020,6,2.79
2026-05-23T10:27:00,490000000021,3,2.99
2026-05-23T10:34:00,490000000022,2,2.59
2026-05-23T10:41:00,490000000023,4,2.39
2026-05-23T10:48:00,490000000024,3,2.49
2026-05-23T10:55:00,490000000025,5,1.69
2026-05-23T10:02:00,490000000026,4,1.69
2026-05-23T10:09:00,490000000027,5,1.59
2026-05-23T10:16:00,490000000028,7,1.69
2026-05-23T10:23:00,490000000029,5,1.89
2026-05-23T10:30:00,490000000030,3,1.89
2026-05-23T10:37:00,490000000031,4,1.79
2026-05-23T10:44:00,490000000032,3,1.79
2026-05-23T10:51:00,490000000033,3,2.09
2026-05-23T10:58:00,490000000034,3,2.19
2026-05-23T10:05:00,490000000035,2,1.69
2026-05-23T10:12:00,490000000036,2,1.59
2026-05-23T10:19:00,490000000037,1,3.29
2026-05-23T10:26:00,490000000038,1,7.49
2026-05-23T10:33:00,490000000039,1,3.19
2026-05-23T10:47:00,490000000041,1,3.99
2026-05-23T10:54:00,490000000042,1,4.49
2026-05-23T10:01:00,490000000043,1,6.99
2026-05-23T10:08:00,490000000044,2,2.49
2026-05-23T10:15:00,490000000045,1,1.99
2026-05-23T10:29:00,490000000047,2,2.19
2026-05-23T10:36:00,490000000048,1,1.49
2026-05-24T11:07:00,490000000001,7,2.49
2026-05-24T11:14:00,490000000002,4,2.49
2026-05-24T11:21:00,490000000003,5,2.49
2026-05-24T11:28:00,490000000004,5,2.39
2026-05-24T11:35:00,490000000005,4,2.39
2026-05-24T11:42:00,490000000006,4,2.49
2026-05-24T11:49:00,490000000007,6,3.49
2026-05-24T11:56:00,490000000008,4,3.29
2026-05-24T11:03:00,490000000009,3,2.69
2026-05-24T11:10:00,490000000010,3,2.69
2026-05-24T11:17:00,490000000011,11,1.79
2026-05-24T11:24:00,490000000012,5,1.49
2026-05-24T11:31:00,490000000013,4,2.19
2026-05-24T11:38:00,490000000014,3,2.19
2026-05-24T11:45:00,490000000015,5,2.49
2026-05-24T11:52:00,490000000016,3,2.49
2026-05-24T11:59:00,490000000017,5,2.49
2026-05-24T11:06:00,490000000018,4,2.49
2026-05-24T11:13:00,490000000019,4,2.39
2026-05-24T11:20:00,490000000020,4,2.79
2026-05-24T11:27:00,490000000021,3,2.99
2026-05-24T11:34:00,490000000022,2,2.59
2026-05-24T11:41:00,490000000023,3,2.39
2026-05-24T11:48:00,490000000024,3,2.49
2026-05-24T11:55:00,490000000025,6,1.69
2026-05-24T11:02:00,490000000026,5,1.69
2026-05-24T11:09:00,490000000027,3,1.59
2026-05-24T11:16:00,490000000028,5,1.69
2026-05-24T11:23:00,490000000029,4,1.89
2026-05-24T11:30:00,490000000030,3,1.89
2026-05-24T11:37:00,490000000031,4,1.79
2026-05-24T11:44:00,490000000032,3,1.79
2026-05-24T11:51:00,490000000033,3,2.09
2026-05-24T11:58:00,490000000034,3,2.19
2026-05-24T11:05:00,490000000035,2,1.69
2026-05-24T11:12:00,490000000036,2,1.59
2026-05-24T11:19:00,490000000037,1,3.29
2026-05-24T11:26:00,490000000038,1,7.49
2026-05-24T11:47:00,490000000041,1,3.99
2026-05-24T11:54:00,490000000042,1,4.49
2026-05-24T11:01:00,490000000043,1,6.99
2026-05-24T11:08:00,490000000044,2,2.49
2026-05-24T11:15:00,490000000045,2,1.99
2026-05-24T11:29:00,490000000047,1,2.19
2026-05-24T11:36:00,490000000048,1,1.49
2026-05-25T12:07:00,490000000001,9,2.49
2026-05-25T12:14:00,490000000002,5,2.49
2026-05-25T12:21:00,490000000003,4,2.49
2026-05-25T12:28:00,490000000004,4,2.39
2026-05-25T12:35:00,490000000005,5,2.39
2026-05-25T12:42:00,490000000006,4,2.49
2026-05-25T12:49:00,490000000007,7,3.49
2026-05-25T12:56:00,490000000008,5,3.29
2026-05-25T12:03:00,490000000009,4,2.69
2026-05-25T12:10:00,490000000010,4,2.69
2026-05-25T12:17:00,490000000011,9,1.79
2026-05-25T12:24:00,490000000012,4,1.49
2026-05-25T12:31:00,490000000013,4,2.19
2026-05-25T12:38:00,490000000014,4,2.19
2026-05-25T12:45:00,490000000015,4,2.49
2026-05-25T12:52:00,490000000016,3,2.49
2026-05-25T12:59:00,490000000017,4,2.49
2026-05-25T12:06:00,490000000018,2,2.49
2026-05-25T12:13:00,490000000019,3,2.39
2026-05-25T12:20:00,490000000020,4,2.79
2026-05-25T12:27:00,490000000021,2,2.99
2026-05-25T12:34:00,490000000022,2,2.59
2026-05-25T12:41:00,490000000023,3,2.39
2026-05-25T12:48:00,490000000024,3,2.49
2026-05-25T12:55:00,490000000025,5,1.69
2026-05-25T12:02:00,490000000026,5,1.69
2026-05-25T12:09:00,490000000027,4,1.59
2026-05-25T12:16:00,490000000028,5,1.69
2026-05-25T12:23:00,490000000029,3,1.89
2026-05-25T12:30:00,490000000030,3,1.89
2026-05-25T12:37:00,490000000031,3,1.79
2026-05-25T12:44:00,490000000032,3,1.79
2026-05-25T12:51:00,490000000033,3,2.09
2026-05-25T12:58:00,490000000034,2,2.19
2026-05-25T12:05:00,490000000035,2,1.69
2026-05-25T12:12:00,490000000036,2,1.59
2026-05-25T12:19:00,490000000037,1,3.29
2026-05-25T12:26:00,490000000038,1,7.49
2026-05-25T12:33:00,490000000039,1,3.19
2026-05-25T12:40:00,490000000040,1,5.99
2026-05-25T12:54:00,490000000042,1,4.49
2026-05-25T12:01:00,490000000043,1,6.99
2026-05-25T12:08:00,490000000044,2,2.49
2026-05-25T12:15:00,490000000045,1,1.99
2026-05-25T12:22:00,490000000046,1,1.89
2026-05-25T12:29:00,490000000047,1,2.19
2026-05-25T12:36:00,490000000048,1,1.49
2026-05-26T13:07:00,490000000001,7,2.49
2026-05-26T13:14:00,490000000002,3,2.49
2026-05-26T13:21:00,490000000003,4,2.49
2026-05-26T13:28:00,490000000004,5,2.39
2026-05-26T13:35:00,490000000005,3,2.39
2026-05-26T13:42:00,490000000006,3,2.49
2026-05-26T13:49:00,490000000007,5,3.49
2026-05-26T13:56:00,490000000008,4,3.29
2026-05-26T13:03:00,490000000009,4,2.69
2026-05-26T13:10:00,490000000010,3,2.69
2026-05-26T13:17:00,490000000011,6,1.79
2026-05-26T13:24:00,490000000012,3,1.49
2026-05-26T13:31:00,490000000013,3,2.19
2026-05-26T13:38:00,490000000014,3,2.19
2026-05-26T13:45:00,490000000015,4,2.49
2026-05-26T13:52:00,490000000016,3,2.49
2026-05-26T13:59:00,490000000017,4,2.49
2026-05-26T13:06:00,490000000018,3,2.49
2026-05-26T13:13:00,490000000019,3,2.39
2026-05-26T13:20:00,490000000020,4,2.79
2026-05-26T13:27:00,490000000021,2,2.99
2026-05-26T13:34:00,490000000022,2,2.59
2026-05-26T13:41:00,490000000023,2,2.39
2026-05-26T13:48:00,490000000024,2,2.49
2026-05-26T13:55:00,490000000025,4,1.69
2026-05-26T13:02:00,490000000026,3,1.69
2026-05-26T13:09:00,490000000027,4,1.59
2026-05-26T13:16:00,490000000028,4,1.69
2026-05-26T13:23:00,490000000029,3,1.89
2026-05-26T13:30:00,490000000030,3,1.89
2026-05-26T13:37:00,490000000031,3,1.79
2026-05-26T13:44:00,490000000032,3,1.79
2026-05-26T13:51:00,490000000033,3,2.09
2026-05-26T13:58:00,490000000034,1,2.19
2026-05-26T13:05:00,490000000035,1,1.69
2026-05-26T13:12:00,490000000036,1,1.59
2026-05-26T13:19:00,490000000037,1,3.29
2026-05-26T13:26:00,490000000038,1,7.49
2026-05-26T13:33:00,490000000039,1,3.19
2026-05-26T13:47:00,490000000041,1,3.99
2026-05-26T13:08:00,490000000044,1,2.49
2026-05-26T13:15:00,490000000045,1,1.99
2026-05-26T13:29:00,490000000047,1,2.19
2026-05-26T13:36:00,490000000048,1,1.49
2026-05-27T14:07:00,490000000001,9,2.49
2026-05-27T14:14:00,490000000002,6,2.49
2026-05-27T14:21:00,490000000003,4,2.49
2026-05-27T14:28:00,490000000004,6,2.39
2026-05-27T14:35:00,490000000005,5,2.39
2026-05-27T14:42:00,490000000006,4,2.49
2026-05-27T14:49:00,490000000007,7,3.49
2026-05-27T14:56:00,490000000008,5,3.29
2026-05-27T14:03:00,490000000009,4,2.69
2026-05-27T14:10:00,490000000010,4,2.69
2026-05-27T14:17:00,490000000011,8,1.79
2026-05-27T14:24:00,490000000012,4,1.49
2026-05-27T14:31:00,490000000013,4,2.19
2026-05-27T14:38:00,490000000014,4,2.19
2026-05-27T14:45:00,490000000015,5,2.49
2026-05-27T14:52:00,490000000016,4,2.49
2026-05-27T14:59:00,490000000017,3,2.49
2026-05-27T14:06:00,490000000018,2,2.49
2026-05-27T14:13:00,490000000019,3,2.39
2026-05-27T14:20:00,490000000020,4,2.79
2026-05-27T14:27:00,490000000021,2,2.99
2026-05-27T14:34:00,490000000022,2,2.59
2026-05-27T14:41:00,490000000023,3,2.39
2026-05-27T14:48:00,490000000024,2,2.49
2026-05-27T14:55:00,490000000025,5,1.69
2026-05-27T14:02:00,490000000026,4,1.69
2026-05-27T14:09:00,490000000027,3,1.59
2026-05-27T14:16:00,490000000028,3,1.69
2026-05-27T14:23:00,490000000029,3,1.89
2026-05-27T14:30:00,490000000030,2,1.89
2026-05-27T14:37:00,490000000031,4,1.79
2026-05-27T14:44:00,490000000032,2,1.79
2026-05-27T14:51:00,490000000033,2,2.09
2026-05-27T14:58:00,490000000034,2,2.19
2026-05-27T14:05:00,490000000035,1,1.69
2026-05-27T14:12:00,490000000036,2,1.59
2026-05-27T14:19:00,490000000037,1,3.29
2026-05-27T14:26:00,490000000038,1,7.49
2026-05-27T14:33:00,490000000039,1,3.19
2026-05-27T14:47:00,490000000041,1,3.99
2026-05-27T14:01:00,490000000043,1,6.99
2026-05-27T14:08:00,490000000044,2,2.49
2026-05-27T14:15:00,490000000045,1,1.99
2026-05-27T14:29:00,490000000047,1,2.19
2026-05-27T14:36:00,490000000048,1,1.49
2026-05-28T15:07:00,490000000001,9,2.49
2026-05-28T15:14:00,490000000002,6,2.49
2026-05-28T15:21:00,490000000003,4,2.49
2026-05-28T15:28:00,490000000004,7,2.39
2026-05-28T15:35:00,490000000005,4,2.39
2026-05-28T15:42:00,490000000006,4,2.49
2026-05-28T15:49:00,490000000007,6,3.49
2026-05-28T15:56:00,490000000008,7,3.29
2026-05-28T15:03:00,490000000009,3,2.69
2026-05-28T15:10:00,490000000010,4,2.69
2026-05-28T15:17:00,490000000011,9,1.79
2026-05-28T15:24:00,490000000012,4,1.49
2026-05-28T15:31:00,490000000013,3,2.19
2026-05-28T15:38:00,490000000014,2,2.19
2026-05-28T15:45:00,490000000015,5,2.49
2026-05-28T15:52:00,490000000016,4,2.49
2026-05-28T15:59:00,490000000017,4,2.49
2026-05-28T15:06:00,490000000018,3,2.49
2026-05-28T15:13:00,490000000019,2,2.39
2026-05-28T15:20:00,490000000020,6,2.79
2026-05-28T15:27:00,490000000021,2,2.99
2026-05-28T15:34:00,490000000022,2,2.59
2026-05-28T15:41:00,490000000023,3,2.39
2026-05-28T15:48:00,490000000024,2,2.49
2026-05-28T15:55:00,490000000025,4,1.69
2026-05-28T15:02:00,490000000026,5,1.69
2026-05-28T15:09:00,490000000027,3,1.59
2026-05-28T15:16:00,490000000028,3,1.69
2026-05-28T15:23:00,490000000029,3,1.89
2026-05-28T15:30:00,490000000030,3,1.89
2026-05-28T15:37:00,490000000031,3,1.79
2026-05-28T15:44:00,490000000032,3,1.79
2026-05-28T15:51:00,490000000033,3,2.09
2026-05-28T15:58:00,490000000034,2,2.19
2026-05-28T15:05:00,490000000035,2,1.69
2026-05-28T15:12:00,490000000036,1,1.59
2026-05-28T15:19:00,490000000037,1,3.29
2026-05-28T15:26:00,490000000038,1,7.49
2026-05-28T15:33:00,490000000039,1,3.19
2026-05-28T15:54:00,490000000042,1,4.49
2026-05-28T15:08:00,490000000044,3,2.49
2026-05-28T15:15:00,490000000045,1,1.99
2026-05-28T15:22:00,490000000046,1,1.89
2026-05-28T15:29:00,490000000047,1,2.19
2026-05-28T15:36:00,490000000048,1,1.49
2026-05-29T16:07:00,490000000001,10,2.49
2026-05-29T16:14:00,490000000002,7,2.49
2026-05-29T16:21:00,490000000003,4,2.49
2026-05-29T16:28:00,490000000004,8,2.39
2026-05-29T16:35:00,490000000005,5,2.39
2026-05-29T16:42:00,490000000006,5,2.49
2026-05-29T16:49:00,490000000007,10,3.49
2026-05-29T16:56:00,490000000008,7,3.29
2026-05-29T16:03:00,490000000009,5,2.69
2026-05-29T16:10:00,490000000010,4,2.69
2026-05-29T16:17:00,490000000011,13,1.79
2026-05-29T16:24:00,490000000012,4,1.49
2026-05-29T16:31:00,490000000013,4,2.19
2026-05-29T16:38:00,490000000014,4,2.19
2026-05-29T16:45:00,490000000015,6,2.49
2026-05-29T16:52:00,490000000016,4,2.49
2026-05-29T16:59:00,490000000017,5,2.49
2026-05-29T16:06:00,490000000018,4,2.49
2026-05-29T16:13:00,490000000019,4,2.39
2026-05-29T16:20:00,490000000020,7,2.79
2026-05-29T16:27:00,490000000021,3,2.99
2026-05-29T16:34:00,490000000022,3,2.59
2026-05-29T16:41:00,490000000023,3,2.39
2026-05-29T16:48:00,490000000024,2,2.49
2026-05-29T16:55:00,490000000025,6,1.69
2026-05-29T16:02:00,490000000026,5,1.69
2026-05-29T16:09:00,490000000027,4,1.59
2026-05-29T16:16:00,490000000028,4,1.69
2026-05-29T16:23:00,490000000029,3,1.89
2026-05-29T16:30:00,490000000030,4,1.89
2026-05-29T16:37:00,490000000031,5,1.79
2026-05-29T16:44:00,490000000032,3,1.79
2026-05-29T16:51:00,490000000033,3,2.09
2026-05-29T16:58:00,490000000034,3,2.19
2026-05-29T16:05:00,490000000035,2,1.69
2026-05-29T16:12:00,490000000036,2,1.59
2026-05-29T16:19:00,490000000037,1,3.29
2026-05-29T16:26:00,490000000038,1,7.49
2026-05-29T16:33:00,490000000039,1,3.19
2026-05-29T16:40:00,490000000040,1,5.99
2026-05-29T16:47:00,490000000041,1,3.99
2026-05-29T16:54:00,490000000042,1,4.49
2026-05-29T16:01:00,490000000043,1,6.99
2026-05-29T16:08:00,490000000044,3,2.49
2026-05-29T16:15:00,490000000045,2,1.99
2026-05-29T16:22:00,490000000046,1,1.89
2026-05-29T16:29:00,490000000047,1,2.19
2026-05-29T16:36:00,490000000048,2,1.49
2026-05-30T17:07:00,490000000001,9,2.49
2026-05-30T17:14:00,490000000002,6,2.49
2026-05-30T17:21:00,490000000003,6,2.49
2026-05-30T17:28:00,490000000004,8,2.39
2026-05-30T17:35:00,490000000005,5,2.39
2026-05-30T17:42:00,490000000006,6,2.49
2026-05-30T17:49:00,490000000007,7,3.49
2026-05-30T17:56:00,490000000008,7,3.29
2026-05-30T17:03:00,490000000009,6,2.69
2026-05-30T17:10:00,490000000010,5,2.69
2026-05-30T17:17:00,490000000011,14,1.79
2026-05-30T17:24:00,490000000012,6,1.49
2026-05-30T17:31:00,490000000013,4,2.19
2026-05-30T17:38:00,490000000014,5,2.19
2026-05-30T17:45:00,490000000015,6,2.49
2026-05-30T17:52:00,490000000016,4,2.49
2026-05-30T17:59:00,490000000017,4,2.49
2026-05-30T17:06:00,490000000018,4,2.49
2026-05-30T17:13:00,490000000019,4,2.39
2026-05-30T17:20:00,490000000020,6,2.79
2026-05-30T17:27:00,490000000021,2,2.99
2026-05-30T17:34:00,490000000022,3,2.59
2026-05-30T17:41:00,490000000023,2,2.39
2026-05-30T17:48:00,490000000024,3,2.49
2026-05-30T17:55:00,490000000025,4,1.69
2026-05-30T17:02:00,490000000026,5,1.69
2026-05-30T17:09:00,490000000027,5,1.59
2026-05-30T17:16:00,490000000028,5,1.69
2026-05-30T17:23:00,490000000029,4,1.89
2026-05-30T17:30:00,490000000030,3,1.89
2026-05-30T17:37:00,490000000031,4,1.79
2026-05-30T17:44:00,490000000032,4,1.79
2026-05-30T17:51:00,490000000033,4,2.09
2026-05-30T17:58:00,490000000034,3,2.19
2026-05-30T17:05:00,490000000035,1,1.69
2026-05-30T17:12:00,490000000036,2,1.59
2026-05-30T17:19:00,490000000037,2,3.29
2026-05-30T17:26:00,490000000038,1,7.49
2026-05-30T17:33:00,490000000039,1,3.19
2026-05-30T17:47:00,490000000041,1,3.99
2026-05-30T17:54:00,490000000042,1,4.49
2026-05-30T17:01:00,490000000043,1,6.99
2026-05-30T17:08:00,490000000044,3,2.49
2026-05-30T17:15:00,490000000045,1,1.99
2026-05-30T17:22:00,490000000046,1,1.89
2026-05-30T17:29:00,490000000047,1,2.19
2026-05-30T17:36:00,490000000048,2,1.49
2026-05-31T18:07:00,490000000001,7,2.49
2026-05-31T18:14:00,490000000002,4,2.49
2026-05-31T18:21:00,490000000003,4,2.49
2026-05-31T18:28:00,490000000004,6,2.39
2026-05-31T18:35:00,490000000005,4,2.39
2026-05-31T18:42:00,490000000006,5,2.49
2026-05-31T18:49:00,490000000007,5,3.49
2026-05-31T18:56:00,490000000008,6,3.29
2026-05-31T18:03:00,490000000009,5,2.69
2026-05-31T18:10:00,490000000010,4,2.69
2026-05-31T18:17:00,490000000011,9,1.79
2026-05-31T18:24:00,490000000012,4,1.49
2026-05-31T18:31:00,490000000013,3,2.19
2026-05-31T18:38:00,490000000014,3,2.19
2026-05-31T18:45:00,490000000015,3,2.49
2026-05-31T18:52:00,490000000016,5,2.49
2026-05-31T18:59:00,490000000017,5,2.49
2026-05-31T18:06:00,490000000018,3,2.49
2026-05-31T18:13:00,490000000019,3,2.39
2026-05-31T18:20:00,490000000020,5,2.79
2026-05-31T18:27:00,490000000021,3,2.99
2026-05-31T18:34:00,490000000022,2,2.59
2026-05-31T18:41:00,490000000023,3,2.39
2026-05-31T18:48:00,490000000024,2,2.49
2026-05-31T18:55:00,490000000025,3,1.69
2026-05-31T18:02:00,490000000026,3,1.69
2026-05-31T18:09:00,490000000027,3,1.59
2026-05-31T18:16:00,490000000028,3,1.69
2026-05-31T18:23:00,490000000029,3,1.89
2026-05-31T18:30:00,490000000030,3,1.89
2026-05-31T18:37:00,490000000031,4,1.79
2026-05-31T18:44:00,490000000032,3,1.79
2026-05-31T18:51:00,490000000033,4,2.09
2026-05-31T18:58:00,490000000034,2,2.19
2026-05-31T18:05:00,490000000035,1,1.69
2026-05-31T18:12:00,490000000036,1,1.59
2026-05-31T18:19:00,490000000037,1,3.29
2026-05-31T18:26:00,490000000038,1,7.49
2026-05-31T18:33:00,490000000039,1,3.19
2026-05-31T18:40:00,490000000040,1,5.99
2026-05-31T18:47:00,490000000041,1,3.99
2026-05-31T18:01:00,490000000043,1,6.99
2026-05-31T18:08:00,490000000044,2,2.49
2026-05-31T18:15:00,490000000045,1,1.99
2026-05-31T18:22:00,490000000046,1,1.89
2026-05-31T18:29:00,490000000047,1,2.19
2026-05-31T18:36:00,490000000048,1,1.49
2026-06-01T19:07:00,490000000001,10,2.49
2026-06-01T19:14:00,490000000002,7,2.49
2026-06-01T19:21:00,490000000003,5,2.49
2026-06-01T19:28:00,490000000004,8,2.39
2026-06-01T19:35:00,490000000005,5,2.39
2026-06-01T19:42:00,490000000006,5,2.49
2026-06-01T19:49:00,490000000007,10,3.49
2026-06-01T19:56:00,490000000008,8,3.29
2026-06-01T19:03:00,490000000009,6,2.69
2026-06-01T19:10:00,490000000010,5,2.69
2026-06-01T19:17:00,490000000011,13,1.79
2026-06-01T19:24:00,490000000012,5,1.49
2026-06-01T19:31:00,490000000013,4,2.19
2026-06-01T19:38:00,490000000014,4,2.19
2026-06-01T19:45:00,490000000015,4,2.49
2026-06-01T19:52:00,490000000016,3,2.49
2026-06-01T19:59:00,490000000017,5,2.49
2026-06-01T19:06:00,490000000018,2,2.49
2026-06-01T19:13:00,490000000019,3,2.39
2026-06-01T19:20:00,490000000020,3,2.79
2026-06-01T19:27:00,490000000021,2,2.99
2026-06-01T19:34:00,490000000022,2,2.59
2026-06-01T19:41:00,490000000023,3,2.39
2026-06-01T19:48:00,490000000024,2,2.49
2026-06-01T19:55:00,490000000025,4,1.69
2026-06-01T19:02:00,490000000026,3,1.69
2026-06-01T19:09:00,490000000027,3,1.59
2026-06-01T19:16:00,490000000028,5,1.69
2026-06-01T19:23:00,490000000029,3,1.89
2026-06-01T19:30:00,490000000030,4,1.89
2026-06-01T19:37:00,490000000031,4,1.79
2026-06-01T19:44:00,490000000032,3,1.79
2026-06-01T19:51:00,490000000033,4,2.09
2026-06-01T19:58:00,490000000034,3,2.19
2026-06-01T19:05:00,490000000035,1,1.69
2026-06-01T19:12:00,490000000036,2,1.59
2026-06-01T19:19:00,490000000037,1,3.29
2026-06-01T19:26:00,490000000038,1,7.49
2026-06-01T19:40:00,490000000040,1,5.99
2026-06-01T19:54:00,490000000042,1,4.49
2026-06-01T19:08:00,490000000044,2,2.49
2026-06-01T19:15:00,490000000045,1,1.99
2026-06-01T19:22:00,490000000046,1,1.89
2026-06-01T19:29:00,490000000047,1,2.19
2026-06-01T19:36:00,490000000048,1,1.49
2026-06-02T10:07:00,490000000001,7,2.49
2026-06-02T10:14:00,490000000002,5,2.49
2026-06-02T10:21:00,490000000003,5,2.49
2026-06-02T10:28:00,490000000004,6,2.39
2026-06-02T10:35:00,490000000005,5,2.39
2026-06-02T10:42:00,490000000006,6,2.49
2026-06-02T10:49:00,490000000007,6,3.49
2026-06-02T10:56:00,490000000008,8,3.29
2026-06-02T10:03:00,490000000009,5,2.69
2026-06-02T10:10:00,490000000010,4,2.69
2026-06-02T10:17:00,490000000011,12,1.79
2026-06-02T10:24:00,490000000012,4,1.49
2026-06-02T10:31:00,490000000013,4,2.19
2026-06-02T10:38:00,490000000014,3,2.19
2026-06-02T10:45:00,490000000015,5,2.49
2026-06-02T10:52:00,490000000016,4,2.49
2026-06-02T10:59:00,490000000017,3,2.49
2026-06-02T10:06:00,490000000018,3,2.49
2026-06-02T10:13:00,490000000019,3,2.39
2026-06-02T10:20:00,490000000020,4,2.79
2026-06-02T10:27:00,490000000021,2,2.99
2026-06-02T10:34:00,490000000022,2,2.59
2026-06-02T10:41:00,490000000023,3,2.39
2026-06-02T10:48:00,490000000024,2,2.49
2026-06-02T10:55:00,490000000025,4,1.69
2026-06-02T10:02:00,490000000026,4,1.69
2026-06-02T10:09:00,490000000027,3,1.59
2026-06-02T10:16:00,490000000028,3,1.69
2026-06-02T10:23:00,490000000029,2,1.89
2026-06-02T10:30:00,490000000030,2,1.89
2026-06-02T10:37:00,490000000031,4,1.79
2026-06-02T10:44:00,490000000032,3,1.79
2026-06-02T10:51:00,490000000033,3,2.09
2026-06-02T10:58:00,490000000034,3,2.19
2026-06-02T10:05:00,490000000035,1,1.69
2026-06-02T10:12:00,490000000036,1,1.59
2026-06-02T10:19:00,490000000037,1,3.29
2026-06-02T10:26:00,490000000038,1,7.49
2026-06-02T10:33:00,490000000039,1,3.19
2026-06-02T10:47:00,490000000041,1,3.99
2026-06-02T10:01:00,490000000043,1,6.99
2026-06-02T10:08:00,490000000044,2,2.49
2026-06-02T10:15:00,490000000045,2,1.99
2026-06-02T10:22:00,490000000046,1,1.89
2026-06-02T10:29:00,490000000047,1,2.19
2026-06-02T10:36:00,490000000048,1,1.49
2026-06-03T11:07:00,490000000001,8,2.49
2026-06-03T11:14:00,490000000002,8,2.49
2026-06-03T11:21:00,490000000003,4,2.49
2026-06-03T11:28:00,490000000004,6,2.39
2026-06-03T11:35:00,490000000005,6,2.39
2026-06-03T11:42:00,490000000006,6,2.49
2026-06-03T11:49:00,490000000007,10,3.49
2026-06-03T11:56:00,490000000008,7,3.29
2026-06-03T11:03:00,490000000009,4,2.69
2026-06-03T11:10:00,490000000010,3,2.69
2026-06-03T11:17:00,490000000011,9,1.79
2026-06-03T11:24:00,490000000012,5,1.49
2026-06-03T11:31:00,490000000013,3,2.19
2026-06-03T11:38:00,490000000014,3,2.19
2026-06-03T11:45:00,490000000015,5,2.49
2026-06-03T11:52:00,490000000016,3,2.49
2026-06-03T11:59:00,490000000017,3,2.49
2026-06-03T11:06:00,490000000018,3,2.49
2026-06-03T11:13:00,490000000019,3,2.39
2026-06-03T11:20:00,490000000020,3,2.79
2026-06-03T11:27:00,490000000021,2,2.99
2026-06-03T11:34:00,490000000022,2,2.59
2026-06-03T11:41:00,490000000023,2,2.39
2026-06-03T11:48:00,490000000024,2,2.49
2026-06-03T11:55:00,490000000025,3,1.69
2026-06-03T11:02:00,490000000026,4,1.69
2026-06-03T11:09:00,490000000027,3,1.59
2026-06-03T11:16:00,490000000028,4,1.69
2026-06-03T11:23:00,490000000029,3,1.89
2026-06-03T11:30:00,490000000030,3,1.89
2026-06-03T11:37:00,490000000031,4,1.79
2026-06-03T11:44:00,490000000032,3,1.79
2026-06-03T11:51:00,490000000033,4,2.09
2026-06-03T11:58:00,490000000034,3,2.19
2026-06-03T11:05:00,490000000035,1,1.69
2026-06-03T11:12:00,490000000036,1,1.59
2026-06-03T11:19:00,490000000037,1,3.29
2026-06-03T11:33:00,490000000039,1,3.19
2026-06-03T11:47:00,490000000041,1,3.99
2026-06-03T11:54:00,490000000042,1,4.49
2026-06-03T11:01:00,490000000043,1,6.99
2026-06-03T11:08:00,490000000044,2,2.49
2026-06-03T11:15:00,490000000045,1,1.99
2026-06-03T11:22:00,490000000046,1,1.89
2026-06-03T11:29:00,490000000047,1,2.19
2026-06-03T11:36:00,490000000048,1,1.49
2026-06-04T12:07:00,490000000001,12,2.49
2026-06-04T12:14:00,490000000002,9,2.49
2026-06-04T12:21:00,490000000003,7,2.49
2026-06-04T12:28:00,490000000004,9,2.39
2026-06-04T12:35:00,490000000005,5,2.39
2026-06-04T12:42:00,490000000006,6,2.49
2026-06-04T12:49:00,490000000007,7,3.49
2026-06-04T12:56:00,490000000008,6,3.29
2026-06-04T12:03:00,490000000009,4,2.69
2026-06-04T12:10:00,490000000010,4,2.69
2026-06-04T12:17:00,490000000011,12,1.79
2026-06-04T12:24:00,490000000012,5,1.49
2026-06-04T12:31:00,490000000013,3,2.19
2026-06-04T12:38:00,490000000014,3,2.19
2026-06-04T12:45:00,490000000015,4,2.49
2026-06-04T12:52:00,490000000016,4,2.49
2026-06-04T12:59:00,490000000017,4,2.49
2026-06-04T12:06:00,490000000018,3,2.49
2026-06-04T12:13:00,490000000019,3,2.39
2026-06-04T12:20:00,490000000020,5,2.79
2026-06-04T12:27:00,490000000021,2,2.99
2026-06-04T12:34:00,490000000022,2,2.59
2026-06-04T12:41:00,490000000023,3,2.39
2026-06-04T12:48:00,490000000024,2,2.49
2026-06-04T12:55:00,490000000025,5,1.69
2026-06-04T12:02:00,490000000026,3,1.69
2026-06-04T12:09:00,490000000027,3,1.59
2026-06-04T12:16:00,490000000028,5,1.69
2026-06-04T12:23:00,490000000029,3,1.89
2026-06-04T12:30:00,490000000030,3,1.89
2026-06-04T12:37:00,490000000031,3,1.79
2026-06-04T12:44:00,490000000032,3,1.79
2026-06-04T12:51:00,490000000033,4,2.09
2026-06-04T12:58:00,490000000034,3,2.19
2026-06-04T12:05:00,490000000035,2,1.69
2026-06-04T12:12:00,490000000036,2,1.59
2026-06-04T12:19:00,490000000037,1,3.29
2026-06-04T12:26:00,490000000038,1,7.49
2026-06-04T12:33:00,490000000039,1,3.19
2026-06-04T12:40:00,490000000040,1,5.99
2026-06-04T12:47:00,490000000041,1,3.99
2026-06-04T12:08:00,490000000044,3,2.49
2026-06-04T12:15:00,490000000045,1,1.99
2026-06-04T12:29:00,490000000047,1,2.19
2026-06-04T12:36:00,490000000048,1,1.49
2026-06-05T13:07:00,490000000001,9,2.49
2026-06-05T13:14:00,490000000002,10,2.49
2026-06-05T13:21:00,490000000003,9,2.49
2026-06-05T13:28:00,490000000004,10,2.39
2026-06-05T13:35:00,490000000005,6,2.39
2026-06-05T13:42:00,490000000006,9,2.49
2026-06-05T13:49:00,490000000007,10,3.49
2026-06-05T13:56:00,490000000008,9,3.29
2026-06-05T13:03:00,490000000009,7,2.69
2026-06-05T13:10:00,490000000010,6,2.69
2026-06-05T13:17:00,490000000011,15,1.79
2026-06-05T13:24:00,490000000012,6,1.49
2026-06-05T13:31:00,490000000013,5,2.19
2026-06-05T13:38:00,490000000014,3,2.19
2026-06-05T13:45:00,490000000015,5,2.49
2026-06-05T13:52:00,490000000016,5,2.49
2026-06-05T13:59:00,490000000017,3,2.49
2026-06-05T13:06:00,490000000018,3,2.49
2026-06-05T13:13:00,490000000019,4,2.39
2026-06-05T13:20:00,490000000020,6,2.79
2026-06-05T13:27:00,490000000021,2,2.99
2026-06-05T13:34:00,490000000022,3,2.59
2026-06-05T13:41:00,490000000023,3,2.39
2026-06-05T13:48:00,490000000024,2,2.49
2026-06-05T13:55:00,490000000025,6,1.69
2026-06-05T13:02:00,490000000026,6,1.69
2026-06-05T13:09:00,490000000027,5,1.59
2026-06-05T13:16:00,490000000028,5,1.69
2026-06-05T13:23:00,490000000029,4,1.89
2026-06-05T13:30:00,490000000030,4,1.89
2026-06-05T13:37:00,490000000031,5,1.79
2026-06-05T13:44:00,490000000032,3,1.79
2026-06-05T13:51:00,490000000033,4,2.09
2026-06-05T13:58:00,490000000034,2,2.19
2026-06-05T13:05:00,490000000035,2,1.69
2026-06-05T13:12:00,490000000036,2,1.59
2026-06-05T13:19:00,490000000037,1,3.29
2026-06-05T13:26:00,490000000038,1,7.49
2026-06-05T13:33:00,490000000039,1,3.19
2026-06-05T13:40:00,490000000040,1,5.99
2026-06-05T13:47:00,490000000041,1,3.99
2026-06-05T13:54:00,490000000042,1,4.49
2026-06-05T13:08:00,490000000044,3,2.49
2026-06-05T13:15:00,490000000045,2,1.99
2026-06-05T13:29:00,490000000047,1,2.19
2026-06-05T13:36:00,490000000048,1,1.49
2026-06-06T14:07:00,490000000001,15,2.49
2026-06-06T14:14:00,490000000002,8,2.49
2026-06-06T14:21:00,490000000003,6,2.49
2026-06-06T14:28:00,490000000004,10,2.39
2026-06-06T14:35:00,490000000005,10,2.39
2026-06-06T14:42:00,490000000006,6,2.49
2026-06-06T14:49:00,490000000007,11,3.49
2026-06-06T14:56:00,490000000008,11,3.29
2026-06-06T14:03:00,490000000009,6,2.69
2026-06-06T14:10:00,490000000010,4,2.69
2026-06-06T14:17:00,490000000011,10,1.79
2026-06-06T14:24:00,490000000012,7,1.49
2026-06-06T14:31:00,490000000013,3,2.19
2026-06-06T14:38:00,490000000014,3,2.19
2026-06-06T14:45:00,490000000015,4,2.49
2026-06-06T14:52:00,490000000016,5,2.49
2026-06-06T14:59:00,490000000017,4,2.49
2026-06-06T14:06:00,490000000018,3,2.49
2026-06-06T14:13:00,490000000019,4,2.39
2026-06-06T14:20:00,490000000020,6,2.79
2026-06-06T14:27:00,490000000021,2,2.99
2026-06-06T14:34:00,490000000022,2,2.59
2026-06-06T14:41:00,490000000023,3,2.39
2026-06-06T14:48:00,490000000024,3,2.49
2026-06-06T14:55:00,490000000025,6,1.69
2026-06-06T14:02:00,490000000026,4,1.69
2026-06-06T14:09:00,490000000027,3,1.59
2026-06-06T14:16:00,490000000028,7,1.69
2026-06-06T14:23:00,490000000029,5,1.89
2026-06-06T14:30:00,490000000030,3,1.89
2026-06-06T14:37:00,490000000031,4,1.79
2026-06-06T14:44:00,490000000032,4,1.79
2026-06-06T14:51:00,490000000033,4,2.09
2026-06-06T14:58:00,490000000034,4,2.19
2026-06-06T14:05:00,490000000035,2,1.69
2026-06-06T14:12:00,490000000036,3,1.59
2026-06-06T14:19:00,490000000037,2,3.29
2026-06-06T14:26:00,490000000038,1,7.49
2026-06-06T14:40:00,490000000040,1,5.99
2026-06-06T14:47:00,490000000041,1,3.99
2026-06-06T14:54:00,490000000042,1,4.49
2026-06-06T14:01:00,490000000043,1,6.99
2026-06-06T14:08:00,490000000044,3,2.49
2026-06-06T14:15:00,490000000045,1,1.99
2026-06-06T14:22:00,490000000046,1,1.89
2026-06-06T14:29:00,490000000047,1,2.19
2026-06-06T14:36:00,490000000048,1,1.49
2026-06-07T15:07:00,490000000001,9,2.49
2026-06-07T15:14:00,490000000002,6,2.49
2026-06-07T15:21:00,490000000003,7,2.49
2026-06-07T15:28:00,490000000004,10,2.39
2026-06-07T15:35:00,490000000005,7,2.39
2026-06-07T15:42:00,490000000006,7,2.49
2026-06-07T15:49:00,490000000007,6,3.49
2026-06-07T15:56:00,490000000008,8,3.29
2026-06-07T15:03:00,490000000009,4,2.69
2026-06-07T15:10:00,490000000010,4,2.69
2026-06-07T15:17:00,490000000011,8,1.79
2026-06-07T15:24:00,490000000012,4,1.49
2026-06-07T15:31:00,490000000013,2,2.19
2026-06-07T15:38:00,490000000014,3,2.19
2026-06-07T15:45:00,490000000015,3,2.49
2026-06-07T15:52:00,490000000016,4,2.49
2026-06-07T15:59:00,490000000017,3,2.49
2026-06-07T15:06:00,490000000018,2,2.49
2026-06-07T15:13:00,490000000019,3,2.39
2026-06-07T15:20:00,490000000020,4,2.79
2026-06-07T15:27:00,490000000021,2,2.99
2026-06-07T15:34:00,490000000022,2,2.59
2026-06-07T15:41:00,490000000023,3,2.39
2026-06-07T15:48:00,490000000024,2,2.49
2026-06-07T15:55:00,490000000025,6,1.69
2026-06-07T15:02:00,490000000026,4,1.69
2026-06-07T15:09:00,490000000027,3,1.59
2026-06-07T15:16:00,490000000028,5,1.69
2026-06-07T15:23:00,490000000029,4,1.89
2026-06-07T15:30:00,490000000030,3,1.89
2026-06-07T15:37:00,490000000031,5,1.79
2026-06-07T15:44:00,490000000032,4,1.79
2026-06-07T15:51:00,490000000033,3,2.09
2026-06-07T15:58:00,490000000034,3,2.19
2026-06-07T15:05:00,490000000035,2,1.69
2026-06-07T15:12:00,490000000036,2,1.59
2026-06-07T15:19:00,490000000037,1,3.29
2026-06-07T15:26:00,490000000038,1,7.49
2026-06-07T15:33:00,490000000039,1,3.19
2026-06-07T15:40:00,490000000040,1,5.99
2026-06-07T15:47:00,490000000041,1,3.99
2026-06-07T15:08:00,490000000044,2,2.49
2026-06-07T15:15:00,490000000045,1,1.99
2026-06-07T15:22:00,490000000046,1,1.89
2026-06-07T15:29:00,490000000047,1,2.19
2026-06-07T15:36:00,490000000048,1,1.49
2026-06-08T16:07:00,490000000001,12,2.49
2026-06-08T16:14:00,490000000002,8,2.49
2026-06-08T16:21:00,490000000003,6,2.49
2026-06-08T16:28:00,490000000004,8,2.39
2026-06-08T16:35:00,490000000005,5,2.39
2026-06-08T16:42:00,490000000006,7,2.49
2026-06-08T16:49:00,490000000007,9,3.49
2026-06-08T16:56:00,490000000008,8,3.29
2026-06-08T16:03:00,490000000009,4,2.69
2026-06-08T16:10:00,490000000010,5,2.69
2026-06-08T16:17:00,490000000011,9,1.79
2026-06-08T16:24:00,490000000012,4,1.49
2026-06-08T16:31:00,490000000013,3,2.19
2026-06-08T16:38:00,490000000014,2,2.19
2026-06-08T16:45:00,490000000015,3,2.49
2026-06-08T16:52:00,490000000016,4,2.49
2026-06-08T16:59:00,490000000017,3,2.49
2026-06-08T16:06:00,490000000018,2,2.49
2026-06-08T16:13:00,490000000019,3,2.39
2026-06-08T16:20:00,490000000020,4,2.79
2026-06-08T16:27:00,490000000021,2,2.99
2026-06-08T16:34:00,490000000022,2,2.59
2026-06-08T16:41:00,490000000023,3,2.39
2026-06-08T16:48:00,490000000024,2,2.49
2026-06-08T16:55:00,490000000025,6,1.69
2026-06-08T16:02:00,490000000026,4,1.69
2026-06-08T16:09:00,490000000027,4,1.59
2026-06-08T16:16:00,490000000028,4,1.69
2026-06-08T16:23:00,490000000029,4,1.89
2026-06-08T16:30:00,490000000030,3,1.89
2026-06-08T16:37:00,490000000031,5,1.79
2026-06-08T16:44:00,490000000032,3,1.79
2026-06-08T16:51:00,490000000033,4,2.09
2026-06-08T16:58:00,490000000034,3,2.19
2026-06-08T16:05:00,490000000035,2,1.69
2026-06-08T16:12:00,490000000036,2,1.59
2026-06-08T16:19:00,490000000037,1,3.29
2026-06-08T16:26:00,490000000038,1,7.49
2026-06-08T16:33:00,490000000039,1,3.19
2026-06-08T16:40:00,490000000040,1,5.99
2026-06-08T16:54:00,490000000042,1,4.49
2026-06-08T16:08:00,490000000044,2,2.49
2026-06-08T16:15:00,490000000045,1,1.99
2026-06-08T16:22:00,490000000046,1,1.89
2026-06-08T16:29:00,490000000047,1,2.19
2026-06-08T16:36:00,490000000048,1,1.49
2026-06-09T17:07:00,490000000001,8,2.49
2026-06-09T17:14:00,490000000002,6,2.49
2026-06-09T17:21:00,490000000003,4,2.49
2026-06-09T17:28:00,490000000004,9,2.39
2026-06-09T17:35:00,490000000005,7,2.39
2026-06-09T17:42:00,490000000006,4,2.49
2026-06-09T17:49:00,490000000007,8,3.49
2026-06-09T17:56:00,490000000008,6,3.29
2026-06-09T17:03:00,490000000009,3,2.69
2026-06-09T17:10:00,490000000010,3,2.69
2026-06-09T17:17:00,490000000011,9,1.79
2026-06-09T17:24:00,490000000012,4,1.49
2026-06-09T17:31:00,490000000013,2,2.19
2026-06-09T17:38:00,490000000014,2,2.19
2026-06-09T17:45:00,490000000015,3,2.49
2026-06-09T17:52:00,490000000016,3,2.49
2026-06-09T17:59:00,490000000017,3,2.49
2026-06-09T17:06:00,490000000018,3,2.49
2026-06-09T17:13:00,490000000019,2,2.39
2026-06-09T17:20:00,490000000020,3,2.79
2026-06-09T17:27:00,490000000021,2,2.99
2026-06-09T17:34:00,490000000022,2,2.59
2026-06-09T17:41:00,490000000023,2,2.39
2026-06-09T17:48:00,490000000024,2,2.49
2026-06-09T17:55:00,490000000025,5,1.69
2026-06-09T17:02:00,490000000026,4,1.69
2026-06-09T17:09:00,490000000027,4,1.59
2026-06-09T17:16:00,490000000028,3,1.69
2026-06-09T17:23:00,490000000029,3,1.89
2026-06-09T17:30:00,490000000030,4,1.89
2026-06-09T17:37:00,490000000031,3,1.79
2026-06-09T17:44:00,490000000032,3,1.79
2026-06-09T17:51:00,490000000033,3,2.09
2026-06-09T17:58:00,490000000034,2,2.19
2026-06-09T17:05:00,490000000035,2,1.69
2026-06-09T17:12:00,490000000036,2,1.59
2026-06-09T17:19:00,490000000037,1,3.29
2026-06-09T17:26:00,490000000038,1,7.49
2026-06-09T17:33:00,490000000039,1,3.19
2026-06-09T17:40:00,490000000040,1,5.99
2026-06-09T17:08:00,490000000044,1,2.49
2026-06-09T17:15:00,490000000045,1,1.99
2026-06-09T17:22:00,490000000046,1,1.89
2026-06-09T17:29:00,490000000047,1,2.19
2026-06-09T17:36:00,490000000048,1,1.49
2026-06-10T18:07:00,490000000001,13,2.49
2026-06-10T18:14:00,490000000002,6,2.49
2026-06-10T18:21:00,490000000003,7,2.49
2026-06-10T18:28:00,490000000004,6,2.39
2026-06-10T18:35:00,490000000005,5,2.39
2026-06-10T18:42:00,490000000006,5,2.49
2026-06-10T18:49:00,490000000007,8,3.49
2026-06-10T18:56:00,490000000008,6,3.29
2026-06-10T18:03:00,490000000009,5,2.69
2026-06-10T18:10:00,490000000010,4,2.69
2026-06-10T18:17:00,490000000011,8,1.79
2026-06-10T18:24:00,490000000012,3,1.49
2026-06-10T18:31:00,490000000013,3,2.19
2026-06-10T18:38:00,490000000014,3,2.19
2026-06-10T18:45:00,490000000015,4,2.49
2026-06-10T18:52:00,490000000016,3,2.49
2026-06-10T18:59:00,490000000017,3,2.49
2026-06-10T18:06:00,490000000018,3,2.49
2026-06-10T18:13:00,490000000019,3,2.39
2026-06-10T18:20:00,490000000020,3,2.79
2026-06-10T18:27:00,490000000021,2,2.99
2026-06-10T18:34:00,490000000022,1,2.59
2026-06-10T18:41:00,490000000023,3,2.39
2026-06-10T18:48:00,490000000024,2,2.49
2026-06-10T18:55:00,490000000025,6,1.69
2026-06-10T18:02:00,490000000026,5,1.69
2026-06-10T18:09:00,490000000027,4,1.59
2026-06-10T18:16:00,490000000028,5,1.69
2026-06-10T18:23:00,490000000029,5,1.89
2026-06-10T18:30:00,490000000030,3,1.89
2026-06-10T18:37:00,490000000031,5,1.79
2026-06-10T18:44:00,490000000032,3,1.79
2026-06-10T18:51:00,490000000033,4,2.09
2026-06-10T18:58:00,490000000034,3,2.19
2026-06-10T18:05:00,490000000035,2,1.69
2026-06-10T18:12:00,490000000036,2,1.59
2026-06-10T18:19:00,490000000037,1,3.29
2026-06-10T18:47:00,490000000041,1,3.99
2026-06-10T18:54:00,490000000042,1,4.49
2026-06-10T18:08:00,490000000044,1,2.49
2026-06-10T18:15:00,490000000045,1,1.99
2026-06-10T18:22:00,490000000046,1,1.89
2026-06-10T18:29:00,490000000047,1,2.19
2026-06-10T18:36:00,490000000048,1,1.49
2026-06-11T19:07:00,490000000001,13,2.49
2026-06-11T19:14:00,490000000002,7,2.49
2026-06-11T19:21:00,490000000003,5,2.49
2026-06-11T19:28:00,490000000004,9,2.39
2026-06-11T19:35:00,490000000005,5,2.39
2026-06-11T19:42:00,490000000006,6,2.49
2026-06-11T19:49:00,490000000007,8,3.49
2026-06-11T19:56:00,490000000008,8,3.29
2026-06-11T19:03:00,490000000009,3,2.69
2026-06-11T19:10:00,490000000010,4,2.69
2026-06-11T19:17:00,490000000011,9,1.79
2026-06-11T19:24:00,490000000012,5,1.49
2026-06-11T19:31:00,490000000013,3,2.19
2026-06-11T19:38:00,490000000014,2,2.19
2026-06-11T19:45:00,490000000015,3,2.49
2026-06-11T19:52:00,490000000016,3,2.49
2026-06-11T19:59:00,490000000017,3,2.49
2026-06-11T19:06:00,490000000018,2,2.49
2026-06-11T19:13:00,490000000019,3,2.39
2026-06-11T19:20:00,490000000020,5,2.79
2026-06-11T19:27:00,490000000021,2,2.99
2026-06-11T19:34:00,490000000022,2,2.59
2026-06-11T19:41:00,490000000023,2,2.39
2026-06-11T19:48:00,490000000024,3,2.49
2026-06-11T19:55:00,490000000025,5,1.69
2026-06-11T19:02:00,490000000026,4,1.69
2026-06-11T19:09:00,490000000027,4,1.59
2026-06-11T19:16:00,490000000028,5,1.69
2026-06-11T19:23:00,490000000029,3,1.89
2026-06-11T19:30:00,490000000030,4,1.89
2026-06-11T19:37:00,490000000031,3,1.79
2026-06-11T19:44:00,490000000032,3,1.79
2026-06-11T19:51:00,490000000033,3,2.09
2026-06-11T19:58:00,490000000034,3,2.19
2026-06-11T19:05:00,490000000035,1,1.69
2026-06-11T19:12:00,490000000036,2,1.59
2026-06-11T19:19:00,490000000037,1,3.29
2026-06-11T19:33:00,490000000039,1,3.19
2026-06-11T19:47:00,490000000041,1,3.99
2026-06-11T19:08:00,490000000044,2,2.49
2026-06-11T19:15:00,490000000045,1,1.99
2026-06-11T19:22:00,490000000046,1,1.89
2026-06-11T19:29:00,490000000047,1,2.19
2026-06-11T19:36:00,490000000048,1,1.49
2026-06-12T10:07:00,490000000001,15,2.49
2026-06-12T10:14:00,490000000002,7,2.49
2026-06-12T10:21:00,490000000003,6,2.49
2026-06-12T10:28:00,490000000004,11,2.39
2026-06-12T10:35:00,490000000005,9,2.39
2026-06-12T10:42:00,490000000006,5,2.49
2026-06-12T10:49:00,490000000007,9,3.49
2026-06-12T10:56:00,490000000008,9,3.29
2026-06-12T10:03:00,490000000009,5,2.69
2026-06-12T10:10:00,490000000010,5,2.69
2026-06-12T10:17:00,490000000011,8,1.79
2026-06-12T10:24:00,490000000012,6,1.49
2026-06-12T10:31:00,490000000013,4,2.19
2026-06-12T10:38:00,490000000014,3,2.19
2026-06-12T10:45:00,490000000015,5,2.49
2026-06-12T10:52:00,490000000016,5,2.49
2026-06-12T10:59:00,490000000017,5,2.49
2026-06-12T10:06:00,490000000018,3,2.49
2026-06-12T10:13:00,490000000019,3,2.39
2026-06-12T10:20:00,490000000020,6,2.79
2026-06-12T10:27:00,490000000021,2,2.99
2026-06-12T10:34:00,490000000022,2,2.59
2026-06-12T10:41:00,490000000023,3,2.39
2026-06-12T10:48:00,490000000024,4,2.49
2026-06-12T10:55:00,490000000025,5,1.69
2026-06-12T10:02:00,490000000026,5,1.69
2026-06-12T10:09:00,490000000027,6,1.59
2026-06-12T10:16:00,490000000028,6,1.69
2026-06-12T10:23:00,490000000029,4,1.89
2026-06-12T10:30:00,490000000030,5,1.89
2026-06-12T10:37:00,490000000031,4,1.79
2026-06-12T10:44:00,490000000032,3,1.79
2026-06-12T10:51:00,490000000033,4,2.09
2026-06-12T10:58:00,490000000034,3,2.19
2026-06-12T10:05:00,490000000035,2,1.69
2026-06-12T10:12:00,490000000036,2,1.59
2026-06-12T10:19:00,490000000037,1,3.29
2026-06-12T10:33:00,490000000039,1,3.19
2026-06-12T10:40:00,490000000040,1,5.99
2026-06-12T10:47:00,490000000041,1,3.99
2026-06-12T10:54:00,490000000042,1,4.49
2026-06-12T10:01:00,490000000043,1,6.99
2026-06-12T10:08:00,490000000044,2,2.49
2026-06-12T10:15:00,490000000045,1,1.99
2026-06-12T10:29:00,490000000047,1,2.19
2026-06-12T10:36:00,490000000048,1,1.49
2026-06-13T11:07:00,490000000001,10,2.49
2026-06-13T11:14:00,490000000002,9,2.49
2026-06-13T11:21:00,490000000003,7,2.49
2026-06-13T11:28:00,490000000004,9,2.39
2026-06-13T11:35:00,490000000005,8,2.39
2026-06-13T11:42:00,490000000006,6,2.49
2026-06-13T11:49:00,490000000007,8,3.49
2026-06-13T11:56:00,490000000008,10,3.29
2026-06-13T11:03:00,490000000009,5,2.69
2026-06-13T11:10:00,490000000010,5,2.69
2026-06-13T11:17:00,490000000011,9,1.79
2026-06-13T11:24:00,490000000012,4,1.49
2026-06-13T11:31:00,490000000013,4,2.19
2026-06-13T11:38:00,490000000014,2,2.19
2026-06-13T11:45:00,490000000015,4,2.49
2026-06-13T11:52:00,490000000016,4,2.49
2026-06-13T11:59:00,490000000017,4,2.49
2026-06-13T11:06:00,490000000018,3,2.49
2026-06-13T11:13:00,490000000019,3,2.39
2026-06-13T11:20:00,490000000020,4,2.79
2026-06-13T11:27:00,490000000021,3,2.99
2026-06-13T11:34:00,490000000022,2,2.59
2026-06-13T11:41:00,490000000023,3,2.39
2026-06-13T11:48:00,490000000024,3,2.49
2026-06-13T11:55:00,490000000025,8,1.69
2026-06-13T11:02:00,490000000026,6,1.69
2026-06-13T11:09:00,490000000027,7,1.59
2026-06-13T11:16:00,490000000028,8,1.69
2026-06-13T11:23:00,490000000029,5,1.89
2026-06-13T11:30:00,490000000030,5,1.89
2026-06-13T11:37:00,490000000031,4,1.79
2026-06-13T11:44:00,490000000032,3,1.79
2026-06-13T11:51:00,490000000033,4,2.09
2026-06-13T11:58:00,490000000034,4,2.19
2026-06-13T11:05:00,490000000035,2,1.69
2026-06-13T11:12:00,490000000036,2,1.59
2026-06-13T11:19:00,490000000037,1,3.29
2026-06-13T11:40:00,490000000040,1,5.99
2026-06-13T11:47:00,490000000041,1,3.99
2026-06-13T11:54:00,490000000042,1,4.49
2026-06-13T11:08:00,490000000044,2,2.49
2026-06-13T11:15:00,490000000045,1,1.99
2026-06-13T11:22:00,490000000046,1,1.89
2026-06-13T11:29:00,490000000047,1,2.19
2026-06-13T11:36:00,490000000048,1,1.49
2026-06-14T12:07:00,490000000001,8,2.49
2026-06-14T12:14:00,490000000002,6,2.49
2026-06-14T12:21:00,490000000003,6,2.49
2026-06-14T12:28:00,490000000004,9,2.39
2026-06-14T12:35:00,490000000005,6,2.39
2026-06-14T12:42:00,490000000006,4,2.49
2026-06-14T12:49:00,490000000007,5,3.49
2026-06-14T12:56:00,490000000008,7,3.29
2026-06-14T12:03:00,490000000009,5,2.69
2026-06-14T12:10:00,490000000010,4,2.69
2026-06-14T12:17:00,490000000011,10,1.79
2026-06-14T12:24:00,490000000012,3,1.49
2026-06-14T12:31:00,490000000013,3,2.19
2026-06-14T12:38:00,490000000014,3,2.19
2026-06-14T12:45:00,490000000015,4,2.49
2026-06-14T12:52:00,490000000016,3,2.49
2026-06-14T12:59:00,490000000017,3,2.49
2026-06-14T12:06:00,490000000018,2,2.49
2026-06-14T12:13:00,490000000019,3,2.39
2026-06-14T12:20:00,490000000020,5,2.79
2026-06-14T12:27:00,490000000021,2,2.99
2026-06-14T12:34:00,490000000022,2,2.59
2026-06-14T12:41:00,490000000023,3,2.39
2026-06-14T12:48:00,490000000024,2,2.49
2026-06-14T12:55:00,490000000025,5,1.69
2026-06-14T12:02:00,490000000026,5,1.69
2026-06-14T12:09:00,490000000027,4,1.59
2026-06-14T12:16:00,490000000028,6,1.69
2026-06-14T12:23:00,490000000029,4,1.89
2026-06-14T12:30:00,490000000030,4,1.89
2026-06-14T12:37:00,490000000031,5,1.79
2026-06-14T12:44:00,490000000032,2,1.79
2026-06-14T12:51:00,490000000033,4,2.09
2026-06-14T12:58:00,490000000034,3,2.19
2026-06-14T12:05:00,490000000035,2,1.69
2026-06-14T12:12:00,490000000036,2,1.59
2026-06-14T12:19:00,490000000037,1,3.29
2026-06-14T12:33:00,490000000039,1,3.19
2026-06-14T12:47:00,490000000041,1,3.99
2026-06-14T12:08:00,490000000044,2,2.49
2026-06-14T12:15:00,490000000045,1,1.99
2026-06-14T12:29:00,490000000047,1,2.19
2026-06-14T12:36:00,490000000048,1,1.49
2026-06-15T13:07:00,490000000001,9,2.49
2026-06-15T13:14:00,490000000002,8,2.49
2026-06-15T13:21:00,490000000003,6,2.49
2026-06-15T13:28:00,490000000004,8,2.39
2026-06-15T13:35:00,490000000005,7,2.39
2026-06-15T13:42:00,490000000006,5,2.49
2026-06-15T13:49:00,490000000007,7,3.49
2026-06-15T13:56:00,490000000008,7,3.29
2026-06-15T13:03:00,490000000009,3,2.69
2026-06-15T13:10:00,490000000010,3,2.69
2026-06-15T13:17:00,490000000011,10,1.79
2026-06-15T13:24:00,490000000012,5,1.49
2026-06-15T13:31:00,490000000013,3,2.19
2026-06-15T13:38:00,490000000014,2,2.19
2026-06-15T13:45:00,490000000015,4,2.49
2026-06-15T13:52:00,490000000016,4,2.49
2026-06-15T13:59:00,490000000017,4,2.49
2026-06-15T13:06:00,490000000018,3,2.49
2026-06-15T13:13:00,490000000019,3,2.39
2026-06-15T13:20:00,490000000020,5,2.79
2026-06-15T13:27:00,490000000021,2,2.99
2026-06-15T13:34:00,490000000022,2,2.59
2026-06-15T13:41:00,490000000023,4,2.39
2026-06-15T13:48:00,490000000024,2,2.49
2026-06-15T13:55:00,490000000025,5,1.69
2026-06-15T13:02:00,490000000026,4,1.69
2026-06-15T13:09:00,490000000027,5,1.59
2026-06-15T13:16:00,490000000028,7,1.69
2026-06-15T13:23:00,490000000029,4,1.89
2026-06-15T13:30:00,490000000030,4,1.89
2026-06-15T13:37:00,490000000031,5,1.79
2026-06-15T13:44:00,490000000032,3,1.79
2026-06-15T13:51:00,490000000033,3,2.09
2026-06-15T13:58:00,490000000034,3,2.19
2026-06-15T13:05:00,490000000035,2,1.69
2026-06-15T13:12:00,490000000036,2,1.59
2026-06-15T13:19:00,490000000037,1,3.29
2026-06-15T13:40:00,490000000040,1,5.99
2026-06-15T13:54:00,490000000042,1,4.49
2026-06-15T13:01:00,490000000043,1,6.99
2026-06-15T13:08:00,490000000044,2,2.49
2026-06-15T13:15:00,490000000045,1,1.99
2026-06-15T13:29:00,490000000047,1,2.19
2026-06-15T13:36:00,490000000048,1,1.49
2026-06-16T14:07:00,490000000001,9,2.49
2026-06-16T14:14:00,490000000002,7,2.49
2026-06-16T14:21:00,490000000003,6,2.49
2026-06-16T14:28:00,490000000004,5,2.39
2026-06-16T14:35:00,490000000005,4,2.39
2026-06-16T14:42:00,490000000006,4,2.49
2026-06-16T14:49:00,490000000007,5,3.49
2026-06-16T14:56:00,490000000008,5,3.29
2026-06-16T14:03:00,490000000009,3,2.69
2026-06-16T14:10:00,490000000010,3,2.69
2026-06-16T14:17:00,490000000011,10,1.79
2026-06-16T14:24:00,490000000012,4,1.49
2026-06-16T14:31:00,490000000013,2,2.19
2026-06-16T14:38:00,490000000014,3,2.19
2026-06-16T14:45:00,490000000015,4,2.49
2026-06-16T14:52:00,490000000016,4,2.49
2026-06-16T14:59:00,490000000017,3,2.49
2026-06-16T14:06:00,490000000018,2,2.49
2026-06-16T14:13:00,490000000019,3,2.39
2026-06-16T14:20:00,490000000020,4,2.79
2026-06-16T14:27:00,490000000021,2,2.99
2026-06-16T14:34:00,490000000022,1,2.59
2026-06-16T14:41:00,490000000023,3,2.39
2026-06-16T14:48:00,490000000024,3,2.49
2026-06-16T14:55:00,490000000025,5,1.69
2026-06-16T14:02:00,490000000026,4,1.69
2026-06-16T14:09:00,490000000027,5,1.59
2026-06-16T14:16:00,490000000028,4,1.69
2026-06-16T14:23:00,490000000029,4,1.89
2026-06-16T14:30:00,490000000030,4,1.89
2026-06-16T14:37:00,490000000031,4,1.79
2026-06-16T14:44:00,490000000032,3,1.79
2026-06-16T14:51:00,490000000033,2,2.09
2026-06-16T14:58:00,490000000034,2,2.19
2026-06-16T14:05:00,490000000035,1,1.69
2026-06-16T14:12:00,490000000036,2,1.59
2026-06-16T14:19:00,490000000037,1,3.29
2026-06-16T14:26:00,490000000038,1,7.49
2026-06-16T14:33:00,490000000039,1,3.19
2026-06-16T14:08:00,490000000044,2,2.49
2026-06-16T14:15:00,490000000045,1,1.99
2026-06-16T14:29:00,490000000047,1,2.19
2026-06-16T14:36:00,490000000048,1,1.49
2026-06-17T15:07:00,490000000001,8,2.49
2026-06-17T15:14:00,490000000002,7,2.49
2026-06-17T15:21:00,490000000003,6,2.49
2026-06-17T15:28:00,490000000004,5,2.39
2026-06-17T15:35:00,490000000005,6,2.39
2026-06-17T15:42:00,490000000006,4,2.49
2026-06-17T15:49:00,490000000007,6,3.49
2026-06-17T15:56:00,490000000008,5,3.29
2026-06-17T15:03:00,490000000009,3,2.69
2026-06-17T15:10:00,490000000010,3,2.69
2026-06-17T15:17:00,490000000011,8,1.79
2026-06-17T15:24:00,490000000012,4,1.49
2026-06-17T15:31:00,490000000013,2,2.19
2026-06-17T15:38:00,490000000014,3,2.19
2026-06-17T15:45:00,490000000015,3,2.49
2026-06-17T15:52:00,490000000016,4,2.49
2026-06-17T15:59:00,490000000017,5,2.49
2026-06-17T15:06:00,490000000018,3,2.49
2026-06-17T15:13:00,490000000019,3,2.39
2026-06-17T15:20:00,490000000020,5,2.79
2026-06-17T15:27:00,490000000021,3,2.99
2026-06-17T15:34:00,490000000022,2,2.59
2026-06-17T15:41:00,490000000023,3,2.39
2026-06-17T15:48:00,490000000024,3,2.49
2026-06-17T15:55:00,490000000025,6,1.69
2026-06-17T15:02:00,490000000026,6,1.69
2026-06-17T15:09:00,490000000027,3,1.59
2026-06-17T15:16:00,490000000028,6,1.69
2026-06-17T15:23:00,490000000029,4,1.89
2026-06-17T15:30:00,490000000030,4,1.89
2026-06-17T15:37:00,490000000031,4,1.79
2026-06-17T15:44:00,490000000032,3,1.79
2026-06-17T15:51:00,490000000033,3,2.09
2026-06-17T15:58:00,490000000034,3,2.19
2026-06-17T15:05:00,490000000035,1,1.69
2026-06-17T15:12:00,490000000036,2,1.59
2026-06-17T15:19:00,490000000037,1,3.29
2026-06-17T15:26:00,490000000038,1,7.49
2026-06-17T15:33:00,490000000039,1,3.19
2026-06-17T15:40:00,490000000040,1,5.99
2026-06-17T15:08:00,490000000044,2,2.49
2026-06-17T15:15:00,490000000045,1,1.99
2026-06-17T15:22:00,490000000046,1,1.89
2026-06-17T15:29:00,490000000047,1,2.19
2026-06-17T15:36:00,490000000048,1,1.49
2026-06-18T16:07:00,490000000001,10,2.49
2026-06-18T16:14:00,490000000002,6,2.49
2026-06-18T16:21:00,490000000003,7,2.49
2026-06-18T16:28:00,490000000004,6,2.39
2026-06-18T16:35:00,490000000005,6,2.39
2026-06-18T16:42:00,490000000006,6,2.49
2026-06-18T16:49:00,490000000007,8,3.49
2026-06-18T16:56:00,490000000008,5,3.29
2026-06-18T16:03:00,490000000009,4,2.69
2026-06-18T16:10:00,490000000010,4,2.69
2026-06-18T16:17:00,490000000011,9,1.79
2026-06-18T16:24:00,490000000012,4,1.49
2026-06-18T16:31:00,490000000013,2,2.19
2026-06-18T16:38:00,490000000014,3,2.19
2026-06-18T16:45:00,490000000015,4,2.49
2026-06-18T16:52:00,490000000016,3,2.49
2026-06-18T16:59:00,490000000017,4,2.49
2026-06-18T16:06:00,490000000018,2,2.49
2026-06-18T16:13:00,490000000019,4,2.39
2026-06-18T16:20:00,490000000020,5,2.79
2026-06-18T16:27:00,490000000021,2,2.99
2026-06-18T16:34:00,490000000022,2,2.59
2026-06-18T16:41:00,490000000023,3,2.39
2026-06-18T16:48:00,490000000024,3,2.49
2026-06-18T16:55:00,490000000025,5,1.69
2026-06-18T16:02:00,490000000026,5,1.69
2026-06-18T16:09:00,490000000027,3,1.59
2026-06-18T16:16:00,490000000028,6,1.69
2026-06-18T16:23:00,490000000029,3,1.89
2026-06-18T16:30:00,490000000030,3,1.89
2026-06-18T16:37:00,490000000031,3,1.79
2026-06-18T16:44:00,490000000032,3,1.79
2026-06-18T16:51:00,490000000033,3,2.09
2026-06-18T16:58:00,490000000034,3,2.19
2026-06-18T16:05:00,490000000035,1,1.69
2026-06-18T16:12:00,490000000036,2,1.59
2026-06-18T16:19:00,490000000037,1,3.29
2026-06-18T16:54:00,490000000042,1,4.49
2026-06-18T16:08:00,490000000044,2,2.49
2026-06-18T16:15:00,490000000045,1,1.99
2026-06-18T16:22:00,490000000046,1,1.89
2026-06-18T16:29:00,490000000047,1,2.19
2026-06-18T16:36:00,490000000048,1,1.49
2026-06-19T17:07:00,490000000001,9,2.49
2026-06-19T17:14:00,490000000002,6,2.49
2026-06-19T17:21:00,490000000003,7,2.49
2026-06-19T17:28:00,490000000004,10,2.39
2026-06-19T17:35:00,490000000005,7,2.39
2026-06-19T17:42:00,490000000006,7,2.49
2026-06-19T17:49:00,490000000007,6,3.49
2026-06-19T17:56:00,490000000008,8,3.29
2026-06-19T17:03:00,490000000009,5,2.69
2026-06-19T17:10:00,490000000010,4,2.69
2026-06-19T17:17:00,490000000011,8,1.79
2026-06-19T17:24:00,490000000012,5,1.49
2026-06-19T17:31:00,490000000013,4,2.19
2026-06-19T17:38:00,490000000014,3,2.19
2026-06-19T17:45:00,490000000015,4,2.49
2026-06-19T17:52:00,490000000016,4,2.49
2026-06-19T17:59:00,490000000017,5,2.49
2026-06-19T17:06:00,490000000018,3,2.49
2026-06-19T17:13:00,490000000019,3,2.39
2026-06-19T17:20:00,490000000020,5,2.79
2026-06-19T17:27:00,490000000021,2,2.99
2026-06-19T17:34:00,490000000022,3,2.59
2026-06-19T17:41:00,490000000023,3,2.39
2026-06-19T17:48:00,490000000024,3,2.49
2026-06-19T17:55:00,490000000025,5,1.69
2026-06-19T17:02:00,490000000026,7,1.69
2026-06-19T17:09:00,490000000027,6,1.59
2026-06-19T17:16:00,490000000028,7,1.69
2026-06-19T17:23:00,490000000029,4,1.89
2026-06-19T17:30:00,490000000030,3,1.89
2026-06-19T17:37:00,490000000031,4,1.79
2026-06-19T17:44:00,490000000032,3,1.79
2026-06-19T17:51:00,490000000033,4,2.09
2026-06-19T17:58:00,490000000034,2,2.19
2026-06-19T17:05:00,490000000035,1,1.69
2026-06-19T17:12:00,490000000036,2,1.59
2026-06-19T17:19:00,490000000037,1,3.29
2026-06-19T17:26:00,490000000038,1,7.49
2026-06-19T17:33:00,490000000039,1,3.19
2026-06-19T17:47:00,490000000041,1,3.99
2026-06-19T17:01:00,490000000043,1,6.99
2026-06-19T17:08:00,490000000044,2,2.49
2026-06-19T17:15:00,490000000045,2,1.99
2026-06-19T17:22:00,490000000046,1,1.89
2026-06-19T17:29:00,490000000047,1,2.19
2026-06-19T17:36:00,490000000048,1,1.49
2026-06-20T18:07:00,490000000001,11,2.49
2026-06-20T18:14:00,490000000002,6,2.49
2026-06-20T18:21:00,490000000003,7,2.49
2026-06-20T18:28:00,490000000004,9,2.39
2026-06-20T18:35:00,490000000005,7,2.39
2026-06-20T18:42:00,490000000006,6,2.49
2026-06-20T18:49:00,490000000007,8,3.49
2026-06-20T18:56:00,490000000008,8,3.29
2026-06-20T18:03:00,490000000009,4,2.69
2026-06-20T18:10:00,490000000010,4,2.69
2026-06-20T18:17:00,490000000011,9,1.79
2026-06-20T18:24:00,490000000012,6,1.49
2026-06-20T18:31:00,490000000013,5,2.19
2026-06-20T18:38:00,490000000014,3,2.19
2026-06-20T18:45:00,490000000015,4,2.49
2026-06-20T18:52:00,490000000016,4,2.49
2026-06-20T18:59:00,490000000017,6,2.49
2026-06-20T18:06:00,490000000018,4,2.49
2026-06-20T18:13:00,490000000019,5,2.39
2026-06-20T18:20:00,490000000020,5,2.79
2026-06-20T18:27:00,490000000021,3,2.99
2026-06-20T18:34:00,490000000022,3,2.59
2026-06-20T18:41:00,490000000023,4,2.39
2026-06-20T18:48:00,490000000024,4,2.49
2026-06-20T18:55:00,490000000025,7,1.69
2026-06-20T18:02:00,490000000026,7,1.69
2026-06-20T18:09:00,490000000027,6,1.59
2026-06-20T18:16:00,490000000028,6,1.69
2026-06-20T18:23:00,490000000029,3,1.89
2026-06-20T18:30:00,490000000030,3,1.89
2026-06-20T18:37:00,490000000031,3,1.79
2026-06-20T18:44:00,490000000032,4,1.79
2026-06-20T18:51:00,490000000033,3,2.09
2026-06-20T18:58:00,490000000034,3,2.19
2026-06-20T18:05:00,490000000035,2,1.69
2026-06-20T18:12:00,490000000036,2,1.59
2026-06-20T18:19:00,490000000037,1,3.29
2026-06-20T18:26:00,490000000038,1,7.49
2026-06-20T18:33:00,490000000039,1,3.19
2026-06-20T18:40:00,490000000040,1,5.99
2026-06-20T18:47:00,490000000041,1,3.99
2026-06-20T18:08:00,490000000044,2,2.49
2026-06-20T18:15:00,490000000045,2,1.99
2026-06-20T18:29:00,490000000047,1,2.19
2026-06-20T18:36:00,490000000048,1,1.49
2026-06-21T19:07:00,490000000001,8,2.49
2026-06-21T19:14:00,490000000002,7,2.49
2026-06-21T19:21:00,490000000003,5,2.49
2026-06-21T19:28:00,490000000004,6,2.39
2026-06-21T19:35:00,490000000005,5,2.39
2026-06-21T19:42:00,490000000006,6,2.49
2026-06-21T19:49:00,490000000007,5,3.49
2026-06-21T19:56:00,490000000008,5,3.29
2026-06-21T19:03:00,490000000009,4,2.69
2026-06-21T19:10:00,490000000010,4,2.69
2026-06-21T19:17:00,490000000011,8,1.79
2026-06-21T19:24:00,490000000012,5,1.49
2026-06-21T19:31:00,490000000013,3,2.19
2026-06-21T19:38:00,490000000014,3,2.19
2026-06-21T19:45:00,490000000015,5,2.49
2026-06-21T19:52:00,490000000016,4,2.49
2026-06-21T19:59:00,490000000017,3,2.49
2026-06-21T19:06:00,490000000018,3,2.49
2026-06-21T19:13:00,490000000019,4,2.39
2026-06-21T19:20:00,490000000020,4,2.79
2026-06-21T19:27:00,490000000021,2,2.99
2026-06-21T19:34:00,490000000022,3,2.59
2026-06-21T19:41:00,490000000023,4,2.39
2026-06-21T19:48:00,490000000024,3,2.49
2026-06-21T19:55:00,490000000025,6,1.69
2026-06-21T19:02:00,490000000026,5,1.69
2026-06-21T19:09:00,490000000027,4,1.59
2026-06-21T19:16:00,490000000028,6,1.69
2026-06-21T19:23:00,490000000029,4,1.89
2026-06-21T19:30:00,490000000030,3,1.89
2026-06-21T19:37:00,490000000031,3,1.79
2026-06-21T19:44:00,490000000032,2,1.79
2026-06-21T19:51:00,490000000033,3,2.09
2026-06-21T19:58:00,490000000034,3,2.19
2026-06-21T19:05:00,490000000035,1,1.69
2026-06-21T19:12:00,490000000036,2,1.59
2026-06-21T19:19:00,490000000037,1,3.29
2026-06-21T19:26:00,490000000038,1,7.49
2026-06-21T19:54:00,490000000042,1,4.49
2026-06-21T19:01:00,490000000043,1,6.99
2026-06-21T19:08:00,490000000044,2,2.49
2026-06-21T19:15:00,490000000045,1,1.99
2026-06-21T19:29:00,490000000047,1,2.19
2026-06-21T19:36:00,490000000048,1,1.49
2026-06-22T10:07:00,490000000001,9,2.49
2026-06-22T10:14:00,490000000002,7,2.49
2026-06-22T10:21:00,490000000003,6,2.49
2026-06-22T10:28:00,490000000004,6,2.39
2026-06-22T10:35:00,490000000005,6,2.39
2026-06-22T10:42:00,490000000006,5,2.49
2026-06-22T10:49:00,490000000007,7,3.49
2026-06-22T10:56:00,490000000008,5,3.29
2026-06-22T10:03:00,490000000009,3,2.69
2026-06-22T10:10:00,490000000010,4,2.69
2026-06-22T10:17:00,490000000011,8,1.79
2026-06-22T10:24:00,490000000012,5,1.49
2026-06-22T10:31:00,490000000013,4,2.19
2026-06-22T10:38:00,490000000014,3,2.19
2026-06-22T10:45:00,490000000015,4,2.49
2026-06-22T10:52:00,490000000016,3,2.49
2026-06-22T10:59:00,490000000017,4,2.49
2026-06-22T10:06:00,490000000018,3,2.49
2026-06-22T10:13:00,490000000019,4,2.39
2026-06-22T10:20:00,490000000020,5,2.79
2026-06-22T10:27:00,490000000021,2,2.99
2026-06-22T10:34:00,490000000022,2,2.59
2026-06-22T10:41:00,490000000023,3,2.39
2026-06-22T10:48:00,490000000024,3,2.49
2026-06-22T10:55:00,490000000025,4,1.69
2026-06-22T10:02:00,490000000026,4,1.69
2026-06-22T10:09:00,490000000027,4,1.59
2026-06-22T10:16:00,490000000028,4,1.69
2026-06-22T10:23:00,490000000029,4,1.89
2026-06-22T10:30:00,490000000030,3,1.89
2026-06-22T10:37:00,490000000031,3,1.79
2026-06-22T10:44:00,490000000032,2,1.79
2026-06-22T10:51:00,490000000033,3,2.09
2026-06-22T10:58:00,490000000034,2,2.19
2026-06-22T10:05:00,490000000035,1,1.69
2026-06-22T10:12:00,490000000036,1,1.59
2026-06-22T10:19:00,490000000037,1,3.29
2026-06-22T10:26:00,490000000038,1,7.49
2026-06-22T10:47:00,490000000041,1,3.99
2026-06-22T10:08:00,490000000044,2,2.49
2026-06-22T10:15:00,490000000045,1,1.99
2026-06-22T10:29:00,490000000047,1,2.19
2026-06-22T10:36:00,490000000048,1,1.49
2026-06-23T11:07:00,490000000001,9,2.49
2026-06-23T11:14:00,490000000002,4,2.49
2026-06-23T11:21:00,490000000003,4,2.49
2026-06-23T11:28:00,490000000004,7,2.39
2026-06-23T11:35:00,490000000005,4,2.39
2026-06-23T11:42:00,490000000006,4,2.49
2026-06-23T11:49:00,490000000007,6,3.49
2026-06-23T11:56:00,490000000008,7,3.29
2026-06-23T11:03:00,490000000009,3,2.69
2026-06-23T11:10:00,490000000010,3,2.69
2026-06-23T11:17:00,490000000011,11,1.79
2026-06-23T11:24:00,490000000012,5,1.49
2026-06-23T11:31:00,490000000013,3,2.19
2026-06-23T11:38:00,490000000014,3,2.19
2026-06-23T11:45:00,490000000015,5,2.49
2026-06-23T11:52:00,490000000016,3,2.49
2026-06-23T11:59:00,490000000017,4,2.49
2026-06-23T11:06:00,490000000018,2,2.49
2026-06-23T11:13:00,490000000019,3,2.39
2026-06-23T11:20:00,490000000020,4,2.79
2026-06-23T11:27:00,490000000021,3,2.99
2026-06-23T11:34:00,490000000022,2,2.59
2026-06-23T11:41:00,490000000023,3,2.39
2026-06-23T11:48:00,490000000024,3,2.49
2026-06-23T11:55:00,490000000025,5,1.69
2026-06-23T11:02:00,490000000026,4,1.69
2026-06-23T11:09:00,490000000027,3,1.59
2026-06-23T11:16:00,490000000028,4,1.69
2026-06-23T11:23:00,490000000029,3,1.89
2026-06-23T11:30:00,490000000030,3,1.89
2026-06-23T11:37:00,490000000031,3,1.79
2026-06-23T11:44:00,490000000032,2,1.79
2026-06-23T11:51:00,490000000033,2,2.09
2026-06-23T11:58:00,490000000034,1,2.19
2026-06-23T11:05:00,490000000035,1,1.69
2026-06-23T11:12:00,490000000036,1,1.59
2026-06-23T11:19:00,490000000037,1,3.29
2026-06-23T11:26:00,490000000038,1,7.49
2026-06-23T11:33:00,490000000039,1,3.19
2026-06-23T11:40:00,490000000040,1,5.99
2026-06-23T11:08:00,490000000044,2,2.49
2026-06-23T11:15:00,490000000045,1,1.99
2026-06-23T11:22:00,490000000046,1,1.89
2026-06-23T11:29:00,490000000047,1,2.19
2026-06-23T11:36:00,490000000048,1,1.49
2026-06-24T12:07:00,490000000001,7,2.49
2026-06-24T12:14:00,490000000002,6,2.49
2026-06-24T12:21:00,490000000003,5,2.49
2026-06-24T12:28:00,490000000004,7,2.39
2026-06-24T12:35:00,490000000005,6,2.39
2026-06-24T12:42:00,490000000006,4,2.49
2026-06-24T12:49:00,490000000007,7,3.49
2026-06-24T12:56:00,490000000008,5,3.29
2026-06-24T12:03:00,490000000009,4,2.69
2026-06-24T12:10:00,490000000010,4,2.69
2026-06-24T12:17:00,490000000011,8,1.79
2026-06-24T12:24:00,490000000012,5,1.49
2026-06-24T12:31:00,490000000013,4,2.19
2026-06-24T12:38:00,490000000014,3,2.19
2026-06-24T12:45:00,490000000015,5,2.49
2026-06-24T12:52:00,490000000016,4,2.49
2026-06-24T12:59:00,490000000017,4,2.49
2026-06-24T12:06:00,490000000018,3,2.49
2026-06-24T12:13:00,490000000019,4,2.39
2026-06-24T12:20:00,490000000020,6,2.79
2026-06-24T12:27:00,490000000021,2,2.99
2026-06-24T12:34:00,490000000022,2,2.59
2026-06-24T12:41:00,490000000023,3,2.39
2026-06-24T12:48:00,490000000024,3,2.49
2026-06-24T12:55:00,490000000025,6,1.69
2026-06-24T12:02:00,490000000026,5,1.69
2026-06-24T12:09:00,490000000027,3,1.59
2026-06-24T12:16:00,490000000028,5,1.69
2026-06-24T12:23:00,490000000029,4,1.89
2026-06-24T12:30:00,490000000030,2,1.89
2026-06-24T12:37:00,490000000031,2,1.79
2026-06-24T12:44:00,490000000032,3,1.79
2026-06-24T12:51:00,490000000033,3,2.09
2026-06-24T12:58:00,490000000034,2,2.19
2026-06-24T12:05:00,490000000035,2,1.69
2026-06-24T12:12:00,490000000036,2,1.59
2026-06-24T12:19:00,490000000037,1,3.29
2026-06-24T12:26:00,490000000038,1,7.49
2026-06-24T12:33:00,490000000039,1,3.19
2026-06-24T12:40:00,490000000040,1,5.99
2026-06-24T12:47:00,490000000041,1,3.99
2026-06-24T12:54:00,490000000042,1,4.49
2026-06-24T12:08:00,490000000044,2,2.49
2026-06-24T12:15:00,490000000045,1,1.99
2026-06-24T12:22:00,490000000046,1,1.89
2026-06-24T12:29:00,490000000047,1,2.19
2026-06-24T12:36:00,490000000048,1,1.49
2026-06-25T13:07:00,490000000001,7,2.49
2026-06-25T13:14:00,490000000002,7,2.49
2026-06-25T13:21:00,490000000003,5,2.49
2026-06-25T13:28:00,490000000004,8,2.39
2026-06-25T13:35:00,490000000005,6,2.39
2026-06-25T13:42:00,490000000006,5,2.49
2026-06-25T13:49:00,490000000007,6,3.49
2026-06-25T13:56:00,490000000008,6,3.29
2026-06-25T13:03:00,490000000009,3,2.69
2026-06-25T13:10:00,490000000010,4,2.69
2026-06-25T13:17:00,490000000011,8,1.79
2026-06-25T13:24:00,490000000012,5,1.49
2026-06-25T13:31:00,490000000013,4,2.19
2026-06-25T13:38:00,490000000014,3,2.19
2026-06-25T13:45:00,490000000015,3,2.49
2026-06-25T13:52:00,490000000016,3,2.49
2026-06-25T13:59:00,490000000017,5,2.49
2026-06-25T13:06:00,490000000018,3,2.49
2026-06-25T13:13:00,490000000019,3,2.39
2026-06-25T13:20:00,490000000020,4,2.79
2026-06-25T13:27:00,490000000021,3,2.99
2026-06-25T13:34:00,490000000022,2,2.59
2026-06-25T13:41:00,490000000023,3,2.39
2026-06-25T13:48:00,490000000024,2,2.49
2026-06-25T13:55:00,490000000025,6,1.69
2026-06-25T13:02:00,490000000026,4,1.69
2026-06-25T13:09:00,490000000027,3,1.59
2026-06-25T13:16:00,490000000028,5,1.69
2026-06-25T13:23:00,490000000029,4,1.89
2026-06-25T13:30:00,490000000030,2,1.89
2026-06-25T13:37:00,490000000031,4,1.79
2026-06-25T13:44:00,490000000032,3,1.79
2026-06-25T13:51:00,490000000033,3,2.09
2026-06-25T13:58:00,490000000034,3,2.19
2026-06-25T13:05:00,490000000035,1,1.69
2026-06-25T13:12:00,490000000036,1,1.59
2026-06-25T13:19:00,490000000037,1,3.29
2026-06-25T13:26:00,490000000038,1,7.49
2026-06-25T13:33:00,490000000039,1,3.19
2026-06-25T13:47:00,490000000041,1,3.99
2026-06-25T13:08:00,490000000044,2,2.49
2026-06-25T13:15:00,490000000045,1,1.99
2026-06-25T13:22:00,490000000046,1,1.89
2026-06-25T13:29:00,490000000047,1,2.19
2026-06-25T13:36:00,490000000048,1,1.49
2026-06-26T14:07:00,490000000001,12,2.49
2026-06-26T14:14:00,490000000002,9,2.49
2026-06-26T14:21:00,490000000003,6,2.49
2026-06-26T14:28:00,490000000004,10,2.39
2026-06-26T14:35:00,490000000005,7,2.39
2026-06-26T14:42:00,490000000006,4,2.49
2026-06-26T14:49:00,490000000007,9,3.49
2026-06-26T14:56:00,490000000008,8,3.29
2026-06-26T14:03:00,490000000009,4,2.69
2026-06-26T14:10:00,490000000010,4,2.69
2026-06-26T14:17:00,490000000011,15,1.79
2026-06-26T14:24:00,490000000012,6,1.49
2026-06-26T14:31:00,490000000013,5,2.19
2026-06-26T14:38:00,490000000014,5,2.19
2026-06-26T14:45:00,490000000015,5,2.49
2026-06-26T14:52:00,490000000016,6,2.49
2026-06-26T14:59:00,490000000017,4,2.49
2026-06-26T14:06:00,490000000018,4,2.49
2026-06-26T14:13:00,490000000019,4,2.39
2026-06-26T14:20:00,490000000020,6,2.79
2026-06-26T14:27:00,490000000021,2,2.99
2026-06-26T14:34:00,490000000022,2,2.59
2026-06-26T14:41:00,490000000023,4,2.39
2026-06-26T14:48:00,490000000024,3,2.49
2026-06-26T14:55:00,490000000025,7,1.69
2026-06-26T14:02:00,490000000026,4,1.69
2026-06-26T14:09:00,490000000027,3,1.59
2026-06-26T14:16:00,490000000028,5,1.69
2026-06-26T14:23:00,490000000029,4,1.89
2026-06-26T14:30:00,490000000030,4,1.89
2026-06-26T14:37:00,490000000031,5,1.79
2026-06-26T14:44:00,490000000032,3,1.79
2026-06-26T14:51:00,490000000033,3,2.09
2026-06-26T14:58:00,490000000034,3,2.19
2026-06-26T14:05:00,490000000035,2,1.69
2026-06-26T14:12:00,490000000036,2,1.59
2026-06-26T14:19:00,490000000037,1,3.29
2026-06-26T14:26:00,490000000038,1,7.49
2026-06-26T14:40:00,490000000040,1,5.99
2026-06-26T14:47:00,490000000041,1,3.99
2026-06-26T14:54:00,490000000042,1,4.49
2026-06-26T14:01:00,490000000043,1,6.99
2026-06-26T14:08:00,490000000044,3,2.49
2026-06-26T14:15:00,490000000045,2,1.99
2026-06-26T14:22:00,490000000046,1,1.89
2026-06-26T14:29:00,490000000047,1,2.19
2026-06-26T14:36:00,490000000048,2,1.49
2026-06-27T15:07:00,490000000001,12,2.49
2026-06-27T15:14:00,490000000002,8,2.49
2026-06-27T15:21:00,490000000003,5,2.49
2026-06-27T15:28:00,490000000004,7,2.39
2026-06-27T15:35:00,490000000005,6,2.39
2026-06-27T15:42:00,490000000006,7,2.49
2026-06-27T15:49:00,490000000007,7,3.49
2026-06-27T15:56:00,490000000008,9,3.29
2026-06-27T15:03:00,490000000009,6,2.69
2026-06-27T15:10:00,490000000010,6,2.69
2026-06-27T15:17:00,490000000011,10,1.79
2026-06-27T15:24:00,490000000012,8,1.49
2026-06-27T15:31:00,490000000013,5,2.19
2026-06-27T15:38:00,490000000014,4,2.19
2026-06-27T15:45:00,490000000015,4,2.49
2026-06-27T15:52:00,490000000016,5,2.49
2026-06-27T15:59:00,490000000017,5,2.49
2026-06-27T15:06:00,490000000018,4,2.49
2026-06-27T15:13:00,490000000019,3,2.39
2026-06-27T15:20:00,490000000020,4,2.79
2026-06-27T15:27:00,490000000021,2,2.99
2026-06-27T15:34:00,490000000022,3,2.59
2026-06-27T15:41:00,490000000023,4,2.39
2026-06-27T15:48:00,490000000024,3,2.49
2026-06-27T15:55:00,490000000025,7,1.69
2026-06-27T15:02:00,490000000026,4,1.69
2026-06-27T15:09:00,490000000027,5,1.59
2026-06-27T15:16:00,490000000028,5,1.69
2026-06-27T15:23:00,490000000029,3,1.89
2026-06-27T15:30:00,490000000030,4,1.89
2026-06-27T15:37:00,490000000031,4,1.79
2026-06-27T15:44:00,490000000032,2,1.79
2026-06-27T15:51:00,490000000033,4,2.09
2026-06-27T15:58:00,490000000034,3,2.19
2026-06-27T15:05:00,490000000035,1,1.69
2026-06-27T15:12:00,490000000036,2,1.59
2026-06-27T15:19:00,490000000037,1,3.29
2026-06-27T15:26:00,490000000038,1,7.49
2026-06-27T15:47:00,490000000041,1,3.99
2026-06-27T15:54:00,490000000042,1,4.49
2026-06-27T15:01:00,490000000043,1,6.99
2026-06-27T15:08:00,490000000044,2,2.49
2026-06-27T15:15:00,490000000045,2,1.99
2026-06-27T15:22:00,490000000046,1,1.89
2026-06-27T15:29:00,490000000047,2,2.19
2026-06-27T15:36:00,490000000048,1,1.49
2026-06-28T16:07:00,490000000001,9,2.49
2026-06-28T16:14:00,490000000002,5,2.49
2026-06-28T16:21:00,490000000003,5,2.49
2026-06-28T16:28:00,490000000004,6,2.39
2026-06-28T16:35:00,490000000005,5,2.39
2026-06-28T16:42:00,490000000006,5,2.49
2026-06-28T16:49:00,490000000007,9,3.49
2026-06-28T16:56:00,490000000008,6,3.29
2026-06-28T16:03:00,490000000009,5,2.69
2026-06-28T16:10:00,490000000010,4,2.69
2026-06-28T16:17:00,490000000011,10,1.79
2026-06-28T16:24:00,490000000012,4,1.49
2026-06-28T16:31:00,490000000013,4,2.19
2026-06-28T16:38:00,490000000014,4,2.19
2026-06-28T16:45:00,490000000015,4,2.49
2026-06-28T16:52:00,490000000016,4,2.49
2026-06-28T16:59:00,490000000017,3,2.49
2026-06-28T16:06:00,490000000018,3,2.49
2026-06-28T16:13:00,490000000019,3,2.39
2026-06-28T16:20:00,490000000020,5,2.79
2026-06-28T16:27:00,490000000021,2,2.99
2026-06-28T16:34:00,490000000022,2,2.59
2026-06-28T16:41:00,490000000023,3,2.39
2026-06-28T16:48:00,490000000024,3,2.49
2026-06-28T16:55:00,490000000025,4,1.69
2026-06-28T16:02:00,490000000026,4,1.69
2026-06-28T16:09:00,490000000027,4,1.59
2026-06-28T16:16:00,490000000028,3,1.69
2026-06-28T16:23:00,490000000029,3,1.89
2026-06-28T16:30:00,490000000030,3,1.89
2026-06-28T16:37:00,490000000031,3,1.79
2026-06-28T16:44:00,490000000032,2,1.79
2026-06-28T16:51:00,490000000033,4,2.09
2026-06-28T16:58:00,490000000034,3,2.19
2026-06-28T16:05:00,490000000035,2,1.69
2026-06-28T16:12:00,490000000036,2,1.59
2026-06-28T16:19:00,490000000037,1,3.29
2026-06-28T16:26:00,490000000038,1,7.49
2026-06-28T16:40:00,490000000040,1,5.99
2026-06-28T16:47:00,490000000041,1,3.99
2026-06-28T16:54:00,490000000042,1,4.49
2026-06-28T16:01:00,490000000043,1,6.99
2026-06-28T16:08:00,490000000044,2,2.49
2026-06-28T16:15:00,490000000045,1,1.99
2026-06-28T16:22:00,490000000046,1,1.89
2026-06-28T16:29:00,490000000047,1,2.19
2026-06-28T16:36:00,490000000048,1,1.49
2026-06-29T17:07:00,490000000001,9,2.49
2026-06-29T17:14:00,490000000002,5,2.49
2026-06-29T17:21:00,490000000003,6,2.49
2026-06-29T17:28:00,490000000004,9,2.39
2026-06-29T17:35:00,490000000005,7,2.39
2026-06-29T17:42:00,490000000006,6,2.49
2026-06-29T17:49:00,490000000007,6,3.49
2026-06-29T17:56:00,490000000008,7,3.29
2026-06-29T17:03:00,490000000009,5,2.69
2026-06-29T17:10:00,490000000010,4,2.69
2026-06-29T17:17:00,490000000011,11,1.79
2026-06-29T17:24:00,490000000012,6,1.49
2026-06-29T17:31:00,490000000013,5,2.19
2026-06-29T17:38:00,490000000014,3,2.19
2026-06-29T17:45:00,490000000015,4,2.49
2026-06-29T17:52:00,490000000016,4,2.49
2026-06-29T17:59:00,490000000017,4,2.49
2026-06-29T17:06:00,490000000018,3,2.49
2026-06-29T17:13:00,490000000019,4,2.39
2026-06-29T17:20:00,490000000020,4,2.79
2026-06-29T17:27:00,490000000021,2,2.99
2026-06-29T17:34:00,490000000022,2,2.59
2026-06-29T17:41:00,490000000023,2,2.39
2026-06-29T17:48:00,490000000024,2,2.49
2026-06-29T17:55:00,490000000025,6,1.69
2026-06-29T17:02:00,490000000026,4,1.69
2026-06-29T17:09:00,490000000027,4,1.59
2026-06-29T17:16:00,490000000028,4,1.69
2026-06-29T17:23:00,490000000029,4,1.89
2026-06-29T17:30:00,490000000030,3,1.89
2026-06-29T17:37:00,490000000031,4,1.79
2026-06-29T17:44:00,490000000032,3,1.79
2026-06-29T17:51:00,490000000033,3,2.09
2026-06-29T17:58:00,490000000034,3,2.19
2026-06-29T17:05:00,490000000035,1,1.69
2026-06-29T17:12:00,490000000036,2,1.59
2026-06-29T17:19:00,490000000037,1,3.29
2026-06-29T17:26:00,490000000038,1,7.49
2026-06-29T17:33:00,490000000039,1,3.19
2026-06-29T17:47:00,490000000041,1,3.99
2026-06-29T17:54:00,490000000042,1,4.49
2026-06-29T17:01:00,490000000043,1,6.99
2026-06-29T17:08:00,490000000044,2,2.49
2026-06-29T17:15:00,490000000045,1,1.99
2026-06-29T17:22:00,490000000046,1,1.89
2026-06-29T17:29:00,490000000047,1,2.19
2026-06-29T17:36:00,490000000048,1,1.49
2026-06-30T18:07:00,490000000001,8,2.49
2026-06-30T18:14:00,490000000002,7,2.49
2026-06-30T18:21:00,490000000003,5,2.49
2026-06-30T18:28:00,490000000004,5,2.39
2026-06-30T18:35:00,490000000005,6,2.39
2026-06-30T18:42:00,490000000006,4,2.49
2026-06-30T18:49:00,490000000007,7,3.49
2026-06-30T18:56:00,490000000008,7,3.29
2026-06-30T18:03:00,490000000009,3,2.69
2026-06-30T18:10:00,490000000010,4,2.69
2026-06-30T18:17:00,490000000011,9,1.79
2026-06-30T18:24:00,490000000012,6,1.49
2026-06-30T18:31:00,490000000013,4,2.19
2026-06-30T18:38:00,490000000014,3,2.19
2026-06-30T18:45:00,490000000015,5,2.49
2026-06-30T18:52:00,490000000016,3,2.49
2026-06-30T18:59:00,490000000017,3,2.49
2026-06-30T18:06:00,490000000018,3,2.49
2026-06-30T18:13:00,490000000019,3,2.39
2026-06-30T18:20:00,490000000020,3,2.79
2026-06-30T18:27:00,490000000021,2,2.99
2026-06-30T18:34:00,490000000022,2,2.59
2026-06-30T18:41:00,490000000023,2,2.39
2026-06-30T18:48:00,490000000024,2,2.49
2026-06-30T18:55:00,490000000025,4,1.69
2026-06-30T18:02:00,490000000026,3,1.69
2026-06-30T18:09:00,490000000027,3,1.59
2026-06-30T18:16:00,490000000028,3,1.69
2026-06-30T18:23:00,490000000029,2,1.89
2026-06-30T18:30:00,490000000030,2,1.89
2026-06-30T18:37:00,490000000031,2,1.79
2026-06-30T18:44:00,490000000032,2,1.79
2026-06-30T18:51:00,490000000033,3,2.09
2026-06-30T18:58:00,490000000034,2,2.19
2026-06-30T18:05:00,490000000035,1,1.69
2026-06-30T18:12:00,490000000036,2,1.59
2026-06-30T18:19:00,490000000037,1,3.29
2026-06-30T18:47:00,490000000041,1,3.99
2026-06-30T18:08:00,490000000044,2,2.49
2026-06-30T18:15:00,490000000045,1,1.99
2026-06-30T18:29:00,490000000047,1,2.19
2026-06-30T18:36:00,490000000048,1,1.49
2026-07-01T19:07:00,490000000001,10,2.49
2026-07-01T19:14:00,490000000002,7,2.49
2026-07-01T19:21:00,490000000003,6,2.49
2026-07-01T19:28:00,490000000004,8,2.39
2026-07-01T19:35:00,490000000005,5,2.39
2026-07-01T19:42:00,490000000006,6,2.49
2026-07-01T19:49:00,490000000007,8,3.49
2026-07-01T19:56:00,490000000008,9,3.29
2026-07-01T19:03:00,490000000009,6,2.69
2026-07-01T19:10:00,490000000010,4,2.69
2026-07-01T19:17:00,490000000011,13,1.79
2026-07-01T19:24:00,490000000012,5,1.49
2026-07-01T19:31:00,490000000013,4,2.19
2026-07-01T19:38:00,490000000014,4,2.19
2026-07-01T19:45:00,490000000015,5,2.49
2026-07-01T19:52:00,490000000016,5,2.49
2026-07-01T19:59:00,490000000017,4,2.49
2026-07-01T19:06:00,490000000018,3,2.49
2026-07-01T19:13:00,490000000019,3,2.39
2026-07-01T19:20:00,490000000020,4,2.79
2026-07-01T19:27:00,490000000021,2,2.99
2026-07-01T19:34:00,490000000022,2,2.59
2026-07-01T19:41:00,490000000023,3,2.39
2026-07-01T19:48:00,490000000024,3,2.49
2026-07-01T19:55:00,490000000025,5,1.69
2026-07-01T19:02:00,490000000026,4,1.69
2026-07-01T19:09:00,490000000027,3,1.59
2026-07-01T19:16:00,490000000028,4,1.69
2026-07-01T19:23:00,490000000029,4,1.89
2026-07-01T19:30:00,490000000030,3,1.89
2026-07-01T19:37:00,490000000031,3,1.79
2026-07-01T19:44:00,490000000032,3,1.79
2026-07-01T19:51:00,490000000033,2,2.09
2026-07-01T19:58:00,490000000034,2,2.19
2026-07-01T19:05:00,490000000035,1,1.69
2026-07-01T19:12:00,490000000036,1,1.59
2026-07-01T19:19:00,490000000037,1,3.29
2026-07-01T19:26:00,490000000038,1,7.49
2026-07-01T19:33:00,490000000039,1,3.19
2026-07-01T19:40:00,490000000040,1,5.99
2026-07-01T19:01:00,490000000043,1,6.99
2026-07-01T19:08:00,490000000044,3,2.49
2026-07-01T19:15:00,490000000045,2,1.99
2026-07-01T19:22:00,490000000046,1,1.89
2026-07-01T19:29:00,490000000047,1,2.19
2026-07-01T19:36:00,490000000048,1,1.49
2026-07-02T10:07:00,490000000001,7,2.49
2026-07-02T10:14:00,490000000002,5,2.49
2026-07-02T10:21:00,490000000003,4,2.49
2026-07-02T10:28:00,490000000004,9,2.39
2026-07-02T10:35:00,490000000005,6,2.39
2026-07-02T10:42:00,490000000006,4,2.49
2026-07-02T10:49:00,490000000007,9,3.49
2026-07-02T10:56:00,490000000008,6,3.29
2026-07-02T10:03:00,490000000009,4,2.69
2026-07-02T10:10:00,490000000010,5,2.69
2026-07-02T10:17:00,490000000011,10,1.79
2026-07-02T10:24:00,490000000012,4,1.49
2026-07-02T10:31:00,490000000013,4,2.19
2026-07-02T10:38:00,490000000014,3,2.19
2026-07-02T10:45:00,490000000015,3,2.49
2026-07-02T10:52:00,490000000016,5,2.49
2026-07-02T10:59:00,490000000017,4,2.49
2026-07-02T10:06:00,490000000018,2,2.49
2026-07-02T10:13:00,490000000019,4,2.39
2026-07-02T10:20:00,490000000020,5,2.79
2026-07-02T10:27:00,490000000021,2,2.99
2026-07-02T10:34:00,490000000022,2,2.59
2026-07-02T10:41:00,490000000023,2,2.39
2026-07-02T10:48:00,490000000024,2,2.49
2026-07-02T10:55:00,490000000025,5,1.69
2026-07-02T10:02:00,490000000026,5,1.69
2026-07-02T10:09:00,490000000027,4,1.59
2026-07-02T10:16:00,490000000028,5,1.69
2026-07-02T10:23:00,490000000029,3,1.89
2026-07-02T10:30:00,490000000030,2,1.89
2026-07-02T10:37:00,490000000031,4,1.79
2026-07-02T10:44:00,490000000032,3,1.79
2026-07-02T10:51:00,490000000033,3,2.09
2026-07-02T10:58:00,490000000034,2,2.19
2026-07-02T10:05:00,490000000035,1,1.69
2026-07-02T10:12:00,490000000036,2,1.59
2026-07-02T10:19:00,490000000037,1,3.29
2026-07-02T10:33:00,490000000039,1,3.19
2026-07-02T10:40:00,490000000040,1,5.99
2026-07-02T10:47:00,490000000041,1,3.99
2026-07-02T10:01:00,490000000043,1,6.99
2026-07-02T10:08:00,490000000044,2,2.49
2026-07-02T10:15:00,490000000045,1,1.99
2026-07-02T10:22:00,490000000046,1,1.89
2026-07-02T10:29:00,490000000047,1,2.19
2026-07-02T10:36:00,490000000048,1,1.49
2026-07-03T11:07:00,490000000001,13,2.49
2026-07-03T11:14:00,490000000002,9,2.49
2026-07-03T11:21:00,490000000003,6,2.49
2026-07-03T11:28:00,490000000004,8,2.39
2026-07-03T11:35:00,490000000005,6,2.39
2026-07-03T11:42:00,490000000006,6,2.49
2026-07-03T11:49:00,490000000007,11,3.49
2026-07-03T11:56:00,490000000008,8,3.29
2026-07-03T11:03:00,490000000009,5,2.69
2026-07-03T11:10:00,490000000010,6,2.69
2026-07-03T11:17:00,490000000011,11,1.79
2026-07-03T11:24:00,490000000012,5,1.49
2026-07-03T11:31:00,490000000013,4,2.19
2026-07-03T11:38:00,490000000014,4,2.19
2026-07-03T11:45:00,490000000015,5,2.49
2026-07-03T11:52:00,490000000016,3,2.49
2026-07-03T11:59:00,490000000017,5,2.49
2026-07-03T11:06:00,490000000018,3,2.49
2026-07-03T11:13:00,490000000019,3,2.39
2026-07-03T11:20:00,490000000020,6,2.79
2026-07-03T11:27:00,490000000021,2,2.99
2026-07-03T11:34:00,490000000022,2,2.59
2026-07-03T11:41:00,490000000023,3,2.39
2026-07-03T11:48:00,490000000024,2,2.49
2026-07-03T11:55:00,490000000025,6,1.69
2026-07-03T11:02:00,490000000026,4,1.69
2026-07-03T11:09:00,490000000027,4,1.59
2026-07-03T11:16:00,490000000028,6,1.69
2026-07-03T11:23:00,490000000029,4,1.89
2026-07-03T11:30:00,490000000030,4,1.89
2026-07-03T11:37:00,490000000031,4,1.79
2026-07-03T11:44:00,490000000032,3,1.79
2026-07-03T11:51:00,490000000033,4,2.09
2026-07-03T11:58:00,490000000034,3,2.19
2026-07-03T11:05:00,490000000035,1,1.69
2026-07-03T11:12:00,490000000036,2,1.59
2026-07-03T11:19:00,490000000037,1,3.29
2026-07-03T11:54:00,490000000042,1,4.49
2026-07-03T11:01:00,490000000043,1,6.99
2026-07-03T11:08:00,490000000044,3,2.49
2026-07-03T11:15:00,490000000045,2,1.99
2026-07-03T11:29:00,490000000047,1,2.19
2026-07-03T11:36:00,490000000048,1,1.49
2026-07-04T12:07:00,490000000001,11,2.49
2026-07-04T12:14:00,490000000002,7,2.49
2026-07-04T12:21:00,490000000003,7,2.49
2026-07-04T12:28:00,490000000004,10,2.39
2026-07-04T12:35:00,490000000005,6,2.39
2026-07-04T12:42:00,490000000006,8,2.49
2026-07-04T12:49:00,490000000007,11,3.49
2026-07-04T12:56:00,490000000008,9,3.29
2026-07-04T12:03:00,490000000009,5,2.69
2026-07-04T12:10:00,490000000010,6,2.69
2026-07-04T12:17:00,490000000011,14,1.79
2026-07-04T12:24:00,490000000012,7,1.49
2026-07-04T12:31:00,490000000013,4,2.19
2026-07-04T12:38:00,490000000014,3,2.19
2026-07-04T12:45:00,490000000015,5,2.49
2026-07-04T12:52:00,490000000016,5,2.49
2026-07-04T12:59:00,490000000017,4,2.49
2026-07-04T12:06:00,490000000018,4,2.49
2026-07-04T12:13:00,490000000019,4,2.39
2026-07-04T12:20:00,490000000020,5,2.79
2026-07-04T12:27:00,490000000021,2,2.99
2026-07-04T12:34:00,490000000022,2,2.59
2026-07-04T12:41:00,490000000023,2,2.39
2026-07-04T12:48:00,490000000024,3,2.49
2026-07-04T12:55:00,490000000025,6,1.69
2026-07-04T12:02:00,490000000026,4,1.69
2026-07-04T12:09:00,490000000027,4,1.59
2026-07-04T12:16:00,490000000028,6,1.69
2026-07-04T12:23:00,490000000029,3,1.89
2026-07-04T12:30:00,490000000030,4,1.89
2026-07-04T12:37:00,490000000031,5,1.79
2026-07-04T12:44:00,490000000032,3,1.79
2026-07-04T12:51:00,490000000033,4,2.09
2026-07-04T12:58:00,490000000034,3,2.19
2026-07-04T12:05:00,490000000035,1,1.69
2026-07-04T12:12:00,490000000036,2,1.59
2026-07-04T12:19:00,490000000037,1,3.29
2026-07-04T12:33:00,490000000039,2,3.19
2026-07-04T12:40:00,490000000040,1,5.99
2026-07-04T12:54:00,490000000042,1,4.49
2026-07-04T12:01:00,490000000043,1,6.99
2026-07-04T12:08:00,490000000044,2,2.49
2026-07-04T12:15:00,490000000045,2,1.99
2026-07-04T12:22:00,490000000046,1,1.89
2026-07-04T12:29:00,490000000047,1,2.19
2026-07-04T12:36:00,490000000048,1,1.49
2026-07-05T13:07:00,490000000001,8,2.49
2026-07-05T13:14:00,490000000002,5,2.49
2026-07-05T13:21:00,490000000003,6,2.49
2026-07-05T13:28:00,490000000004,7,2.39
2026-07-05T13:35:00,490000000005,7,2.39
2026-07-05T13:42:00,490000000006,5,2.49
2026-07-05T13:49:00,490000000007,9,3.49
2026-07-05T13:56:00,490000000008,7,3.29
2026-07-05T13:03:00,490000000009,4,2.69
2026-07-05T13:10:00,490000000010,3,2.69
2026-07-05T13:17:00,490000000011,10,1.79
2026-07-05T13:24:00,490000000012,5,1.49
2026-07-05T13:31:00,490000000013,4,2.19
2026-07-05T13:38:00,490000000014,3,2.19
2026-07-05T13:45:00,490000000015,3,2.49
2026-07-05T13:52:00,490000000016,3,2.49
2026-07-05T13:59:00,490000000017,4,2.49
2026-07-05T13:06:00,490000000018,2,2.49
2026-07-05T13:13:00,490000000019,3,2.39
2026-07-05T13:20:00,490000000020,4,2.79
2026-07-05T13:27:00,490000000021,2,2.99
2026-07-05T13:34:00,490000000022,2,2.59
2026-07-05T13:41:00,490000000023,2,2.39
2026-07-05T13:48:00,490000000024,2,2.49
2026-07-05T13:55:00,490000000025,6,1.69
2026-07-05T13:02:00,490000000026,3,1.69
2026-07-05T13:09:00,490000000027,3,1.59
2026-07-05T13:16:00,490000000028,4,1.69
2026-07-05T13:23:00,490000000029,3,1.89
2026-07-05T13:30:00,490000000030,3,1.89
2026-07-05T13:37:00,490000000031,4,1.79
2026-07-05T13:44:00,490000000032,2,1.79
2026-07-05T13:51:00,490000000033,3,2.09
2026-07-05T13:58:00,490000000034,3,2.19
2026-07-05T13:05:00,490000000035,2,1.69
2026-07-05T13:12:00,490000000036,2,1.59
2026-07-05T13:19:00,490000000037,1,3.29
2026-07-05T13:26:00,490000000038,1,7.49
2026-07-05T13:40:00,490000000040,1,5.99
2026-07-05T13:47:00,490000000041,1,3.99
2026-07-05T13:54:00,490000000042,1,4.49
2026-07-05T13:01:00,490000000043,1,6.99
2026-07-05T13:08:00,490000000044,2,2.49
2026-07-05T13:15:00,490000000045,1,1.99
2026-07-05T13:22:00,490000000046,1,1.89
2026-07-05T13:29:00,490000000047,1,2.19
2026-07-05T13:36:00,490000000048,1,1.49
2026-07-06T14:07:00,490000000001,9,2.49
2026-07-06T14:14:00,490000000002,7,2.49
2026-07-06T14:21:00,490000000003,7,2.49
2026-07-06T14:28:00,490000000004,10,2.39
2026-07-06T14:35:00,490000000005,7,2.39
2026-07-06T14:42:00,490000000006,7,2.49
2026-07-06T14:49:00,490000000007,9,3.49
2026-07-06T14:56:00,490000000008,7,3.29
2026-07-06T14:03:00,490000000009,5,2.69
2026-07-06T14:10:00,490000000010,5,2.69
2026-07-06T14:17:00,490000000011,12,1.79
2026-07-06T14:24:00,490000000012,5,1.49
2026-07-06T14:31:00,490000000013,3,2.19
2026-07-06T14:38:00,490000000014,3,2.19
2026-07-06T14:45:00,490000000015,4,2.49
2026-07-06T14:52:00,490000000016,4,2.49
2026-07-06T14:59:00,490000000017,3,2.49
2026-07-06T14:06:00,490000000018,2,2.49
2026-07-06T14:13:00,490000000019,3,2.39
2026-07-06T14:20:00,490000000020,5,2.79
2026-07-06T14:27:00,490000000021,2,2.99
2026-07-06T14:34:00,490000000022,2,2.59
2026-07-06T14:41:00,490000000023,3,2.39
2026-07-06T14:48:00,490000000024,2,2.49
2026-07-06T14:55:00,490000000025,3,1.69
2026-07-06T14:02:00,490000000026,4,1.69
2026-07-06T14:09:00,490000000027,4,1.59
2026-07-06T14:16:00,490000000028,4,1.69
2026-07-06T14:23:00,490000000029,3,1.89
2026-07-06T14:30:00,490000000030,3,1.89
2026-07-06T14:37:00,490000000031,3,1.79
2026-07-06T14:44:00,490000000032,3,1.79
2026-07-06T14:51:00,490000000033,4,2.09
2026-07-06T14:58:00,490000000034,3,2.19
2026-07-06T14:05:00,490000000035,2,1.69
2026-07-06T14:12:00,490000000036,2,1.59
2026-07-06T14:19:00,490000000037,1,3.29
2026-07-06T14:33:00,490000000039,1,3.19
2026-07-06T14:40:00,490000000040,1,5.99
2026-07-06T14:47:00,490000000041,1,3.99
2026-07-06T14:54:00,490000000042,1,4.49
2026-07-06T14:01:00,490000000043,1,6.99
2026-07-06T14:08:00,490000000044,2,2.49
2026-07-06T14:15:00,490000000045,1,1.99
2026-07-06T14:29:00,490000000047,1,2.19
2026-07-06T14:36:00,490000000048,1,1.49
2026-07-07T15:07:00,490000000001,7,2.49
2026-07-07T15:14:00,490000000002,7,2.49
2026-07-07T15:21:00,490000000003,6,2.49
2026-07-07T15:28:00,490000000004,7,2.39
2026-07-07T15:35:00,490000000005,7,2.39
2026-07-07T15:42:00,490000000006,5,2.49
2026-07-07T15:49:00,490000000007,6,3.49
2026-07-07T15:56:00,490000000008,5,3.29
2026-07-07T15:03:00,490000000009,4,2.69
2026-07-07T15:10:00,490000000010,4,2.69
2026-07-07T15:17:00,490000000011,10,1.79
2026-07-07T15:24:00,490000000012,4,1.49
2026-07-07T15:31:00,490000000013,2,2.19
2026-07-07T15:38:00,490000000014,3,2.19
2026-07-07T15:45:00,490000000015,4,2.49
2026-07-07T15:52:00,490000000016,4,2.49
2026-07-07T15:59:00,490000000017,3,2.49
2026-07-07T15:06:00,490000000018,2,2.49
2026-07-07T15:13:00,490000000019,3,2.39
2026-07-07T15:20:00,490000000020,4,2.79
2026-07-07T15:27:00,490000000021,1,2.99
2026-07-07T15:34:00,490000000022,1,2.59
2026-07-07T15:41:00,490000000023,3,2.39
2026-07-07T15:48:00,490000000024,2,2.49
2026-07-07T15:55:00,490000000025,4,1.69
2026-07-07T15:02:00,490000000026,3,1.69
2026-07-07T15:09:00,490000000027,3,1.59
2026-07-07T15:16:00,490000000028,5,1.69
2026-07-07T15:23:00,490000000029,3,1.89
2026-07-07T15:30:00,490000000030,3,1.89
2026-07-07T15:37:00,490000000031,4,1.79
2026-07-07T15:44:00,490000000032,2,1.79
2026-07-07T15:51:00,490000000033,4,2.09
2026-07-07T15:58:00,490000000034,3,2.19
2026-07-07T15:05:00,490000000035,2,1.69
2026-07-07T15:12:00,490000000036,2,1.59
2026-07-07T15:19:00,490000000037,1,3.29
2026-07-07T15:26:00,490000000038,1,7.49
2026-07-07T15:40:00,490000000040,1,5.99
2026-07-07T15:47:00,490000000041,1,3.99
2026-07-07T15:01:00,490000000043,1,6.99
2026-07-07T15:08:00,490000000044,2,2.49
2026-07-07T15:15:00,490000000045,1,1.99
2026-07-07T15:22:00,490000000046,1,1.89
2026-07-07T15:29:00,490000000047,1,2.19
2026-07-07T15:36:00,490000000048,1,1.49
2026-07-08T16:07:00,490000000001,9,2.49
2026-07-08T16:14:00,490000000002,6,2.49
2026-07-08T16:21:00,490000000003,6,2.49
2026-07-08T16:28:00,490000000004,8,2.39
2026-07-08T16:35:00,490000000005,6,2.39
2026-07-08T16:42:00,490000000006,5,2.49
2026-07-08T16:49:00,490000000007,6,3.49
2026-07-08T16:56:00,490000000008,7,3.29
2026-07-08T16:03:00,490000000009,5,2.69
2026-07-08T16:10:00,490000000010,5,2.69
2026-07-08T16:17:00,490000000011,12,1.79
2026-07-08T16:24:00,490000000012,4,1.49
2026-07-08T16:31:00,490000000013,3,2.19
2026-07-08T16:38:00,490000000014,2,2.19
2026-07-08T16:45:00,490000000015,3,2.49
2026-07-08T16:52:00,490000000016,4,2.49
2026-07-08T16:59:00,490000000017,3,2.49
2026-07-08T16:06:00,490000000018,2,2.49
2026-07-08T16:13:00,490000000019,2,2.39
2026-07-08T16:20:00,490000000020,3,2.79
2026-07-08T16:27:00,490000000021,2,2.99
2026-07-08T16:34:00,490000000022,2,2.59
2026-07-08T16:41:00,490000000023,2,2.39
2026-07-08T16:48:00,490000000024,3,2.49
2026-07-08T16:55:00,490000000025,5,1.69
2026-07-08T16:02:00,490000000026,5,1.69
2026-07-08T16:09:00,490000000027,5,1.59
2026-07-08T16:16:00,490000000028,6,1.69
2026-07-08T16:23:00,490000000029,4,1.89
2026-07-08T16:30:00,490000000030,2,1.89
2026-07-08T16:37:00,490000000031,4,1.79
2026-07-08T16:44:00,490000000032,3,1.79
2026-07-08T16:51:00,490000000033,4,2.09
2026-07-08T16:58:00,490000000034,3,2.19
2026-07-08T16:05:00,490000000035,2,1.69
2026-07-08T16:12:00,490000000036,2,1.59
2026-07-08T16:19:00,490000000037,1,3.29
2026-07-08T16:26:00,490000000038,1,7.49
2026-07-08T16:33:00,490000000039,1,3.19
2026-07-08T16:40:00,490000000040,1,5.99
2026-07-08T16:47:00,490000000041,1,3.99
2026-07-08T16:01:00,490000000043,1,6.99
2026-07-08T16:08:00,490000000044,2,2.49
2026-07-08T16:15:00,490000000045,1,1.99
2026-07-08T16:22:00,490000000046,1,1.89
2026-07-08T16:29:00,490000000047,1,2.19
2026-07-08T16:36:00,490000000048,1,1.49
2026-07-09T17:07:00,490000000001,10,2.49
2026-07-09T17:14:00,490000000002,9,2.49
2026-07-09T17:21:00,490000000003,5,2.49
2026-07-09T17:28:00,490000000004,10,2.39
2026-07-09T17:35:00,490000000005,8,2.39
2026-07-09T17:42:00,490000000006,6,2.49
2026-07-09T17:49:00,490000000007,6,3.49
2026-07-09T17:56:00,490000000008,8,3.29
2026-07-09T17:03:00,490000000009,5,2.69
2026-07-09T17:10:00,490000000010,4,2.69
2026-07-09T17:17:00,490000000011,10,1.79
2026-07-09T17:24:00,490000000012,5,1.49
2026-07-09T17:31:00,490000000013,3,2.19
2026-07-09T17:38:00,490000000014,3,2.19
2026-07-09T17:45:00,490000000015,4,2.49
2026-07-09T17:52:00,490000000016,3,2.49
2026-07-09T17:59:00,490000000017,4,2.49
2026-07-09T17:06:00,490000000018,3,2.49
2026-07-09T17:13:00,490000000019,3,2.39
2026-07-09T17:20:00,490000000020,5,2.79
2026-07-09T17:27:00,490000000021,2,2.99
2026-07-09T17:34:00,490000000022,2,2.59
2026-07-09T17:41:00,490000000023,3,2.39
2026-07-09T17:48:00,490000000024,2,2.49
2026-07-09T17:55:00,490000000025,4,1.69
2026-07-09T17:02:00,490000000026,5,1.69
2026-07-09T17:09:00,490000000027,4,1.59
2026-07-09T17:16:00,490000000028,4,1.69
2026-07-09T17:23:00,490000000029,4,1.89
2026-07-09T17:30:00,490000000030,3,1.89
2026-07-09T17:37:00,490000000031,4,1.79
2026-07-09T17:44:00,490000000032,3,1.79
2026-07-09T17:51:00,490000000033,5,2.09
2026-07-09T17:58:00,490000000034,3,2.19
2026-07-09T17:05:00,490000000035,2,1.69
2026-07-09T17:12:00,490000000036,2,1.59
2026-07-09T17:19:00,490000000037,1,3.29
2026-07-09T17:33:00,490000000039,1,3.19
2026-07-09T17:40:00,490000000040,1,5.99
2026-07-09T17:47:00,490000000041,1,3.99
2026-07-09T17:54:00,490000000042,1,4.49
2026-07-09T17:01:00,490000000043,1,6.99
2026-07-09T17:08:00,490000000044,1,2.49
2026-07-09T17:15:00,490000000045,1,1.99
2026-07-09T17:22:00,490000000046,1,1.89
2026-07-09T17:29:00,490000000047,1,2.19
2026-07-09T17:36:00,490000000048,1,1.49
2026-07-10T18:07:00,490000000001,16,2.49
2026-07-10T18:14:00,490000000002,7,2.49
2026-07-10T18:21:00,490000000003,9,2.49
2026-07-10T18:28:00,490000000004,12,2.39
2026-07-10T18:35:00,490000000005,7,2.39
2026-07-10T18:42:00,490000000006,6,2.49
2026-07-10T18:49:00,490000000007,8,3.49
2026-07-10T18:56:00,490000000008,11,3.29
2026-07-10T18:03:00,490000000009,6,2.69
2026-07-10T18:10:00,490000000010,6,2.69
2026-07-10T18:17:00,490000000011,13,1.79
2026-07-10T18:24:00,490000000012,4,1.49
2026-07-10T18:31:00,490000000013,3,2.19
2026-07-10T18:38:00,490000000014,4,2.19
2026-07-10T18:45:00,490000000015,4,2.49
2026-07-10T18:52:00,490000000016,4,2.49
2026-07-10T18:59:00,490000000017,3,2.49
2026-07-10T18:06:00,490000000018,3,2.49
2026-07-10T18:13:00,490000000019,4,2.39
2026-07-10T18:20:00,490000000020,5,2.79
2026-07-10T18:27:00,490000000021,3,2.99
2026-07-10T18:34:00,490000000022,2,2.59
2026-07-10T18:41:00,490000000023,3,2.39
2026-07-10T18:48:00,490000000024,2,2.49
2026-07-10T18:55:00,490000000025,6,1.69
2026-07-10T18:02:00,490000000026,4,1.69
2026-07-10T18:09:00,490000000027,6,1.59
2026-07-10T18:16:00,490000000028,7,1.69
2026-07-10T18:23:00,490000000029,5,1.89
2026-07-10T18:30:00,490000000030,5,1.89
2026-07-10T18:37:00,490000000031,4,1.79
2026-07-10T18:44:00,490000000032,4,1.79
2026-07-10T18:51:00,490000000033,5,2.09
2026-07-10T18:58:00,490000000034,4,2.19
2026-07-10T18:05:00,490000000035,2,1.69
2026-07-10T18:12:00,490000000036,3,1.59
2026-07-10T18:19:00,490000000037,2,3.29
2026-07-10T18:26:00,490000000038,1,7.49
2026-07-10T18:33:00,490000000039,1,3.19
2026-07-10T18:40:00,490000000040,1,5.99
2026-07-10T18:47:00,490000000041,1,3.99
2026-07-10T18:01:00,490000000043,1,6.99
2026-07-10T18:08:00,490000000044,2,2.49
2026-07-10T18:15:00,490000000045,1,1.99
2026-07-10T18:29:00,490000000047,1,2.19
2026-07-10T18:36:00,490000000048,1,1.49
2026-07-11T19:07:00,490000000001,12,2.49
2026-07-11T19:14:00,490000000002,10,2.49
2026-07-11T19:21:00,490000000003,6,2.49
2026-07-11T19:28:00,490000000004,8,2.39
2026-07-11T19:35:00,490000000005,6,2.39
2026-07-11T19:42:00,490000000006,6,2.49
2026-07-11T19:49:00,490000000007,10,3.49
2026-07-11T19:56:00,490000000008,6,3.29
2026-07-11T19:03:00,490000000009,5,2.69
2026-07-11T19:10:00,490000000010,5,2.69
2026-07-11T19:17:00,490000000011,12,1.79
2026-07-11T19:24:00,490000000012,5,1.49
2026-07-11T19:31:00,490000000013,4,2.19
2026-07-11T19:38:00,490000000014,4,2.19
2026-07-11T19:45:00,490000000015,5,2.49
2026-07-11T19:52:00,490000000016,4,2.49
2026-07-11T19:59:00,490000000017,3,2.49
2026-07-11T19:06:00,490000000018,3,2.49
2026-07-11T19:13:00,490000000019,3,2.39
2026-07-11T19:20:00,490000000020,4,2.79
2026-07-11T19:27:00,490000000021,3,2.99
2026-07-11T19:34:00,490000000022,2,2.59
2026-07-11T19:41:00,490000000023,4,2.39
2026-07-11T19:48:00,490000000024,3,2.49
2026-07-11T19:55:00,490000000025,7,1.69
2026-07-11T19:02:00,490000000026,6,1.69
2026-07-11T19:09:00,490000000027,5,1.59
2026-07-11T19:16:00,490000000028,5,1.69
2026-07-11T19:23:00,490000000029,5,1.89
2026-07-11T19:30:00,490000000030,5,1.89
2026-07-11T19:37:00,490000000031,5,1.79
2026-07-11T19:44:00,490000000032,4,1.79
2026-07-11T19:51:00,490000000033,4,2.09
2026-07-11T19:58:00,490000000034,4,2.19
2026-07-11T19:05:00,490000000035,2,1.69
2026-07-11T19:12:00,490000000036,2,1.59
2026-07-11T19:19:00,490000000037,2,3.29
2026-07-11T19:26:00,490000000038,1,7.49
2026-07-11T19:33:00,490000000039,1,3.19
2026-07-11T19:54:00,490000000042,1,4.49
2026-07-11T19:01:00,490000000043,1,6.99
2026-07-11T19:08:00,490000000044,2,2.49
2026-07-11T19:15:00,490000000045,1,1.99
2026-07-11T19:29:00,490000000047,1,2.19
2026-07-11T19:36:00,490000000048,1,1.49
2026-07-12T10:07:00,490000000001,9,2.49
2026-07-12T10:14:00,490000000002,5,2.49
2026-07-12T10:21:00,490000000003,8,2.49
2026-07-12T10:28:00,490000000004,8,2.39
2026-07-12T10:35:00,490000000005,7,2.39
2026-07-12T10:42:00,490000000006,5,2.49
2026-07-12T10:49:00,490000000007,6,3.49
2026-07-12T10:56:00,490000000008,5,3.29
2026-07-12T10:03:00,490000000009,4,2.69
2026-07-12T10:10:00,490000000010,3,2.69
2026-07-12T10:17:00,490000000011,11,1.79
2026-07-12T10:24:00,490000000012,5,1.49
2026-07-12T10:31:00,490000000013,3,2.19
2026-07-12T10:38:00,490000000014,3,2.19
2026-07-12T10:45:00,490000000015,3,2.49
2026-07-12T10:52:00,490000000016,2,2.49
2026-07-12T10:59:00,490000000017,3,2.49
2026-07-12T10:06:00,490000000018,3,2.49
2026-07-12T10:13:00,490000000019,3,2.39
2026-07-12T10:20:00,490000000020,5,2.79
2026-07-12T10:27:00,490000000021,2,2.99
2026-07-12T10:34:00,490000000022,2,2.59
2026-07-12T10:41:00,490000000023,2,2.39
2026-07-12T10:48:00,490000000024,3,2.49
2026-07-12T10:55:00,490000000025,4,1.69
2026-07-12T10:02:00,490000000026,6,1.69
2026-07-12T10:09:00,490000000027,4,1.59
2026-07-12T10:16:00,490000000028,4,1.69
2026-07-12T10:23:00,490000000029,3,1.89
2026-07-12T10:30:00,490000000030,3,1.89
2026-07-12T10:37:00,490000000031,5,1.79
2026-07-12T10:44:00,490000000032,3,1.79
2026-07-12T10:51:00,490000000033,5,2.09
2026-07-12T10:58:00,490000000034,2,2.19
2026-07-12T10:05:00,490000000035,2,1.69
2026-07-12T10:12:00,490000000036,2,1.59
2026-07-12T10:19:00,490000000037,1,3.29
2026-07-12T10:26:00,490000000038,1,7.49
2026-07-12T10:54:00,490000000042,1,4.49
2026-07-12T10:01:00,490000000043,1,6.99
2026-07-12T10:08:00,490000000044,2,2.49
2026-07-12T10:15:00,490000000045,1,1.99
2026-07-12T10:22:00,490000000046,1,1.89
2026-07-12T10:29:00,490000000047,1,2.19
2026-07-12T10:36:00,490000000048,1,1.49
2026-07-13T11:07:00,490000000001,8,2.49
2026-07-13T11:14:00,490000000002,7,2.49
2026-07-13T11:21:00,490000000003,7,2.49
2026-07-13T11:28:00,490000000004,6,2.39
2026-07-13T11:35:00,490000000005,5,2.39
2026-07-13T11:42:00,490000000006,5,2.49
2026-07-13T11:49:00,490000000007,6,3.49
2026-07-13T11:56:00,490000000008,8,3.29
2026-07-13T11:03:00,490000000009,4,2.69
2026-07-13T11:10:00,490000000010,3,2.69
2026-07-13T11:17:00,490000000011,10,1.79
2026-07-13T11:24:00,490000000012,5,1.49
2026-07-13T11:31:00,490000000013,2,2.19
2026-07-13T11:38:00,490000000014,2,2.19
2026-07-13T11:45:00,490000000015,5,2.49
2026-07-13T11:52:00,490000000016,3,2.49
2026-07-13T11:59:00,490000000017,3,2.49
2026-07-13T11:06:00,490000000018,3,2.49
2026-07-13T11:13:00,490000000019,3,2.39
2026-07-13T11:20:00,490000000020,4,2.79
2026-07-13T11:27:00,490000000021,2,2.99
2026-07-13T11:34:00,490000000022,2,2.59
2026-07-13T11:41:00,490000000023,2,2.39
2026-07-13T11:48:00,490000000024,3,2.49
2026-07-13T11:55:00,490000000025,6,1.69
2026-07-13T11:02:00,490000000026,4,1.69
2026-07-13T11:09:00,490000000027,4,1.59
2026-07-13T11:16:00,490000000028,4,1.69
2026-07-13T11:23:00,490000000029,5,1.89
2026-07-13T11:30:00,490000000030,4,1.89
2026-07-13T11:37:00,490000000031,5,1.79
2026-07-13T11:44:00,490000000032,3,1.79
2026-07-13T11:51:00,490000000033,3,2.09
2026-07-13T11:58:00,490000000034,2,2.19
2026-07-13T11:05:00,490000000035,1,1.69
2026-07-13T11:12:00,490000000036,2,1.59
2026-07-13T11:19:00,490000000037,1,3.29
2026-07-13T11:26:00,490000000038,1,7.49
2026-07-13T11:33:00,490000000039,1,3.19
2026-07-13T11:40:00,490000000040,1,5.99
2026-07-13T11:47:00,490000000041,1,3.99
2026-07-13T11:01:00,490000000043,1,6.99
2026-07-13T11:08:00,490000000044,2,2.49
2026-07-13T11:15:00,490000000045,1,1.99
2026-07-13T11:22:00,490000000046,1,1.89
2026-07-13T11:29:00,490000000047,1,2.19
2026-07-13T11:36:00,490000000048,1,1.49
2026-07-14T12:07:00,490000000001,8,2.49
2026-07-14T12:14:00,490000000002,7,2.49
2026-07-14T12:21:00,490000000003,6,2.49
2026-07-14T12:28:00,490000000004,7,2.39
2026-07-14T12:35:00,490000000005,6,2.39
2026-07-14T12:42:00,490000000006,6,2.49
2026-07-14T12:49:00,490000000007,6,3.49
2026-07-14T12:56:00,490000000008,5,3.29
2026-07-14T12:03:00,490000000009,4,2.69
2026-07-14T12:10:00,490000000010,3,2.69
2026-07-14T12:17:00,490000000011,6,1.79
2026-07-14T12:24:00,490000000012,3,1.49
2026-07-14T12:31:00,490000000013,3,2.19
2026-07-14T12:38:00,490000000014,2,2.19
2026-07-14T12:45:00,490000000015,4,2.49
2026-07-14T12:52:00,490000000016,3,2.49
2026-07-14T12:59:00,490000000017,4,2.49
2026-07-14T12:06:00,490000000018,2,2.49
2026-07-14T12:13:00,490000000019,3,2.39
2026-07-14T12:20:00,490000000020,3,2.79
2026-07-14T12:27:00,490000000021,2,2.99
2026-07-14T12:34:00,490000000022,2,2.59
2026-07-14T12:41:00,490000000023,2,2.39
2026-07-14T12:48:00,490000000024,2,2.49
2026-07-14T12:55:00,490000000025,4,1.69
2026-07-14T12:02:00,490000000026,4,1.69
2026-07-14T12:09:00,490000000027,3,1.59
2026-07-14T12:16:00,490000000028,6,1.69
2026-07-14T12:23:00,490000000029,3,1.89
2026-07-14T12:30:00,490000000030,3,1.89
2026-07-14T12:37:00,490000000031,4,1.79
2026-07-14T12:44:00,490000000032,3,1.79
2026-07-14T12:51:00,490000000033,3,2.09
2026-07-14T12:58:00,490000000034,2,2.19
2026-07-14T12:05:00,490000000035,1,1.69
2026-07-14T12:12:00,490000000036,2,1.59
2026-07-14T12:19:00,490000000037,1,3.29
2026-07-14T12:26:00,490000000038,1,7.49
2026-07-14T12:47:00,490000000041,1,3.99
2026-07-14T12:08:00,490000000044,2,2.49
2026-07-14T12:15:00,490000000045,1,1.99
2026-07-14T12:22:00,490000000046,1,1.89
2026-07-14T12:29:00,490000000047,1,2.19
2026-07-14T12:36:00,490000000048,1,1.49
2026-07-15T13:07:00,490000000001,10,2.49
2026-07-15T13:14:00,490000000002,6,2.49
2026-07-15T13:21:00,490000000003,5,2.49
2026-07-15T13:28:00,490000000004,9,2.39
2026-07-15T13:35:00,490000000005,7,2.39
2026-07-15T13:42:00,490000000006,4,2.49
2026-07-15T13:49:00,490000000007,7,3.49
2026-07-15T13:56:00,490000000008,6,3.29
2026-07-15T13:03:00,490000000009,4,2.69
2026-07-15T13:10:00,490000000010,3,2.69
2026-07-15T13:17:00,490000000011,10,1.79
2026-07-15T13:24:00,490000000012,5,1.49
2026-07-15T13:31:00,490000000013,2,2.19
2026-07-15T13:38:00,490000000014,3,2.19
2026-07-15T13:45:00,490000000015,3,2.49
2026-07-15T13:52:00,490000000016,3,2.49
2026-07-15T13:59:00,490000000017,4,2.49
2026-07-15T13:06:00,490000000018,3,2.49
2026-07-15T13:13:00,490000000019,3,2.39
2026-07-15T13:20:00,490000000020,5,2.79
2026-07-15T13:27:00,490000000021,3,2.99
2026-07-15T13:34:00,490000000022,2,2.59
2026-07-15T13:41:00,490000000023,2,2.39
2026-07-15T13:48:00,490000000024,2,2.49
2026-07-15T13:55:00,490000000025,4,1.69
2026-07-15T13:02:00,490000000026,5,1.69
2026-07-15T13:09:00,490000000027,5,1.59
2026-07-15T13:16:00,490000000028,6,1.69
2026-07-15T13:23:00,490000000029,4,1.89
2026-07-15T13:30:00,490000000030,4,1.89
2026-07-15T13:37:00,490000000031,3,1.79
2026-07-15T13:44:00,490000000032,3,1.79
2026-07-15T13:51:00,490000000033,4,2.09
2026-07-15T13:58:00,490000000034,2,2.19
2026-07-15T13:05:00,490000000035,2,1.69
2026-07-15T13:12:00,490000000036,2,1.59
2026-07-15T13:19:00,490000000037,1,3.29
2026-07-15T13:47:00,490000000041,1,3.99
2026-07-15T13:08:00,490000000044,2,2.49
2026-07-15T13:15:00,490000000045,1,1.99
2026-07-15T13:22:00,490000000046,1,1.89
2026-07-15T13:29:00,490000000047,1,2.19
2026-07-15T13:36:00,490000000048,1,1.49
2026-07-16T14:07:00,490000000001,12,2.49
2026-07-16T14:14:00,490000000002,6,2.49
2026-07-16T14:21:00,490000000003,7,2.49
2026-07-16T14:28:00,490000000004,8,2.39
2026-07-16T14:35:00,490000000005,6,2.39
2026-07-16T14:42:00,490000000006,6,2.49
2026-07-16T14:49:00,490000000007,8,3.49
2026-07-16T14:56:00,490000000008,6,3.29
2026-07-16T14:03:00,490000000009,3,2.69
2026-07-16T14:10:00,490000000010,3,2.69
2026-07-16T14:17:00,490000000011,9,1.79
2026-07-16T14:24:00,490000000012,5,1.49
2026-07-16T14:31:00,490000000013,2,2.19
2026-07-16T14:38:00,490000000014,2,2.19
2026-07-16T14:45:00,490000000015,4,2.49
2026-07-16T14:52:00,490000000016,3,2.49
2026-07-16T14:59:00,490000000017,4,2.49
2026-07-16T14:06:00,490000000018,3,2.49
2026-07-16T14:13:00,490000000019,3,2.39
2026-07-16T14:20:00,490000000020,5,2.79
2026-07-16T14:27:00,490000000021,3,2.99
2026-07-16T14:34:00,490000000022,2,2.59
2026-07-16T14:41:00,490000000023,2,2.39
2026-07-16T14:48:00,490000000024,3,2.49
2026-07-16T14:55:00,490000000025,6,1.69
2026-07-16T14:02:00,490000000026,6,1.69
2026-07-16T14:09:00,490000000027,3,1.59
2026-07-16T14:16:00,490000000028,5,1.69
2026-07-16T14:23:00,490000000029,4,1.89
2026-07-16T14:30:00,490000000030,3,1.89
2026-07-16T14:37:00,490000000031,4,1.79
2026-07-16T14:44:00,490000000032,3,1.79
2026-07-16T14:51:00,490000000033,4,2.09
2026-07-16T14:58:00,490000000034,3,2.19
2026-07-16T14:05:00,490000000035,1,1.69
2026-07-16T14:12:00,490000000036,1,1.59
2026-07-16T14:19:00,490000000037,1,3.29
2026-07-16T14:26:00,490000000038,1,7.49
2026-07-16T14:33:00,490000000039,1,3.19
2026-07-16T14:40:00,490000000040,1,5.99
2026-07-16T14:47:00,490000000041,1,3.99
2026-07-16T14:08:00,490000000044,2,2.49
2026-07-16T14:15:00,490000000045,1,1.99
2026-07-16T14:29:00,490000000047,1,2.19
2026-07-16T14:36:00,490000000048,1,1.49
2026-07-17T15:07:00,490000000001,14,2.49
2026-07-17T15:14:00,490000000002,10,2.49
2026-07-17T15:21:00,490000000003,8,2.49
2026-07-17T15:28:00,490000000004,10,2.39
2026-07-17T15:35:00,490000000005,5,2.39
2026-07-17T15:42:00,490000000006,7,2.49
2026-07-17T15:49:00,490000000007,7,3.49
2026-07-17T15:56:00,490000000008,9,3.29
2026-07-17T15:03:00,490000000009,5,2.69
2026-07-17T15:10:00,490000000010,5,2.69
2026-07-17T15:17:00,490000000011,8,1.79
2026-07-17T15:24:00,490000000012,6,1.49
2026-07-17T15:31:00,490000000013,3,2.19
2026-07-17T15:38:00,490000000014,4,2.19
2026-07-17T15:45:00,490000000015,4,2.49
2026-07-17T15:52:00,490000000016,4,2.49
2026-07-17T15:59:00,490000000017,5,2.49
2026-07-17T15:06:00,490000000018,3,2.49
2026-07-17T15:13:00,490000000019,4,2.39
2026-07-17T15:20:00,490000000020,6,2.79
2026-07-17T15:27:00,490000000021,3,2.99
2026-07-17T15:34:00,490000000022,3,2.59
2026-07-17T15:41:00,490000000023,4,2.39
2026-07-17T15:48:00,490000000024,3,2.49
2026-07-17T15:55:00,490000000025,5,1.69
2026-07-17T15:02:00,490000000026,7,1.69
2026-07-17T15:09:00,490000000027,6,1.59
2026-07-17T15:16:00,490000000028,7,1.69
2026-07-17T15:23:00,490000000029,5,1.89
2026-07-17T15:30:00,490000000030,5,1.89
2026-07-17T15:37:00,490000000031,4,1.79
2026-07-17T15:44:00,490000000032,3,1.79
2026-07-17T15:51:00,490000000033,5,2.09
2026-07-17T15:58:00,490000000034,4,2.19
2026-07-17T15:05:00,490000000035,1,1.69
2026-07-17T15:12:00,490000000036,2,1.59
2026-07-17T15:19:00,490000000037,1,3.29
2026-07-17T15:40:00,490000000040,1,5.99
2026-07-17T15:54:00,490000000042,1,4.49
2026-07-17T15:01:00,490000000043,1,6.99
2026-07-17T15:08:00,490000000044,2,2.49
2026-07-17T15:15:00,490000000045,1,1.99
2026-07-17T15:29:00,490000000047,1,2.19
2026-07-17T15:36:00,490000000048,1,1.49
2026-07-18T16:07:00,490000000001,11,2.49
2026-07-18T16:14:00,490000000002,8,2.49
2026-07-18T16:21:00,490000000003,8,2.49
2026-07-18T16:28:00,490000000004,10,2.39
2026-07-18T16:35:00,490000000005,8,2.39
2026-07-18T16:42:00,490000000006,5,2.49
2026-07-18T16:49:00,490000000007,9,3.49
2026-07-18T16:56:00,490000000008,6,3.29
2026-07-18T16:03:00,490000000009,5,2.69
2026-07-18T16:10:00,490000000010,4,2.69
2026-07-18T16:17:00,490000000011,8,1.79
2026-07-18T16:24:00,490000000012,6,1.49
2026-07-18T16:31:00,490000000013,4,2.19
2026-07-18T16:38:00,490000000014,4,2.19
2026-07-18T16:45:00,490000000015,4,2.49
2026-07-18T16:52:00,490000000016,4,2.49
2026-07-18T16:59:00,490000000017,4,2.49
2026-07-18T16:06:00,490000000018,4,2.49
2026-07-18T16:13:00,490000000019,4,2.39
2026-07-18T16:20:00,490000000020,5,2.79
2026-07-18T16:27:00,490000000021,3,2.99
2026-07-18T16:34:00,490000000022,3,2.59
2026-07-18T16:41:00,490000000023,4,2.39
2026-07-18T16:48:00,490000000024,3,2.49
2026-07-18T16:55:00,490000000025,8,1.69
2026-07-18T16:02:00,490000000026,6,1.69
2026-07-18T16:09:00,490000000027,5,1.59
2026-07-18T16:16:00,490000000028,6,1.69
2026-07-18T16:23:00,490000000029,6,1.89
2026-07-18T16:30:00,490000000030,3,1.89
2026-07-18T16:37:00,490000000031,5,1.79
2026-07-18T16:44:00,490000000032,3,1.79
2026-07-18T16:51:00,490000000033,5,2.09
2026-07-18T16:58:00,490000000034,2,2.19
2026-07-18T16:05:00,490000000035,1,1.69
2026-07-18T16:12:00,490000000036,2,1.59
2026-07-18T16:19:00,490000000037,1,3.29
2026-07-18T16:26:00,490000000038,1,7.49
2026-07-18T16:33:00,490000000039,1,3.19
2026-07-18T16:40:00,490000000040,1,5.99
2026-07-18T16:47:00,490000000041,1,3.99
2026-07-18T16:54:00,490000000042,1,4.49
2026-07-18T16:01:00,490000000043,1,6.99
2026-07-18T16:08:00,490000000044,2,2.49
2026-07-18T16:15:00,490000000045,2,1.99
2026-07-18T16:29:00,490000000047,1,2.19
2026-07-18T16:36:00,490000000048,1,1.49
2026-07-19T17:07:00,490000000001,10,2.49
2026-07-19T17:14:00,490000000002,8,2.49
2026-07-19T17:21:00,490000000003,6,2.49
2026-07-19T17:28:00,490000000004,8,2.39
2026-07-19T17:35:00,490000000005,5,2.39
2026-07-19T17:42:00,490000000006,4,2.49
2026-07-19T17:49:00,490000000007,8,3.49
2026-07-19T17:56:00,490000000008,5,3.29
2026-07-19T17:03:00,490000000009,3,2.69
2026-07-19T17:10:00,490000000010,3,2.69
2026-07-19T17:17:00,490000000011,8,1.79
2026-07-19T17:24:00,490000000012,4,1.49
2026-07-19T17:31:00,490000000013,4,2.19
2026-07-19T17:38:00,490000000014,3,2.19
2026-07-19T17:45:00,490000000015,5,2.49
2026-07-19T17:52:00,490000000016,3,2.49
2026-07-19T17:59:00,490000000017,3,2.49
2026-07-19T17:06:00,490000000018,3,2.49
2026-07-19T17:13:00,490000000019,3,2.39
2026-07-19T17:20:00,490000000020,5,2.79
2026-07-19T17:27:00,490000000021,3,2.99
2026-07-19T17:34:00,490000000022,2,2.59
2026-07-19T17:41:00,490000000023,2,2.39
2026-07-19T17:48:00,490000000024,2,2.49
2026-07-19T17:55:00,490000000025,5,1.69
2026-07-19T17:02:00,490000000026,6,1.69
2026-07-19T17:09:00,490000000027,4,1.59
2026-07-19T17:16:00,490000000028,4,1.69
2026-07-19T17:23:00,490000000029,4,1.89
2026-07-19T17:30:00,490000000030,3,1.89
2026-07-19T17:37:00,490000000031,5,1.79
2026-07-19T17:44:00,490000000032,3,1.79
2026-07-19T17:51:00,490000000033,3,2.09
2026-07-19T17:58:00,490000000034,3,2.19
2026-07-19T17:05:00,490000000035,2,1.69
2026-07-19T17:12:00,490000000036,1,1.59
2026-07-19T17:19:00,490000000037,1,3.29
2026-07-19T17:26:00,490000000038,1,7.49
2026-07-19T17:40:00,490000000040,1,5.99
2026-07-19T17:47:00,490000000041,1,3.99
2026-07-19T17:08:00,490000000044,2,2.49
2026-07-19T17:15:00,490000000045,1,1.99
2026-07-19T17:22:00,490000000046,1,1.89
2026-07-19T17:29:00,490000000047,1,2.19
2026-07-19T17:36:00,490000000048,1,1.49
2026-07-20T18:07:00,490000000001,9,2.49
2026-07-20T18:14:00,490000000002,5,2.49
2026-07-20T18:21:00,490000000003,6,2.49
2026-07-20T18:28:00,490000000004,6,2.39
2026-07-20T18:35:00,490000000005,7,2.39
2026-07-20T18:42:00,490000000006,4,2.49
2026-07-20T18:49:00,490000000007,6,3.49
2026-07-20T18:56:00,490000000008,5,3.29
2026-07-20T18:03:00,490000000009,4,2.69
2026-07-20T18:10:00,490000000010,3,2.69
2026-07-20T18:17:00,490000000011,9,1.79
2026-07-20T18:24:00,490000000012,5,1.49
2026-07-20T18:31:00,490000000013,4,2.19
2026-07-20T18:38:00,490000000014,3,2.19
2026-07-20T18:45:00,490000000015,4,2.49
2026-07-20T18:52:00,490000000016,3,2.49
2026-07-20T18:59:00,490000000017,5,2.49
2026-07-20T18:06:00,490000000018,3,2.49
2026-07-20T18:13:00,490000000019,4,2.39
2026-07-20T18:20:00,490000000020,5,2.79
2026-07-20T18:27:00,490000000021,3,2.99
2026-07-20T18:34:00,490000000022,2,2.59
2026-07-20T18:41:00,490000000023,3,2.39
2026-07-20T18:48:00,490000000024,3,2.49
2026-07-20T18:55:00,490000000025,5,1.69
2026-07-20T18:02:00,490000000026,6,1.69
2026-07-20T18:09:00,490000000027,4,1.59
2026-07-20T18:16:00,490000000028,4,1.69
2026-07-20T18:23:00,490000000029,4,1.89
2026-07-20T18:30:00,490000000030,4,1.89
2026-07-20T18:37:00,490000000031,4,1.79
2026-07-20T18:44:00,490000000032,3,1.79
2026-07-20T18:51:00,490000000033,3,2.09
2026-07-20T18:58:00,490000000034,2,2.19
2026-07-20T18:05:00,490000000035,1,1.69
2026-07-20T18:12:00,490000000036,2,1.59
2026-07-20T18:19:00,490000000037,1,3.29
2026-07-20T18:26:00,490000000038,1,7.49
2026-07-20T18:33:00,490000000039,1,3.19
2026-07-20T18:47:00,490000000041,1,3.99
2026-07-20T18:01:00,490000000043,1,6.99
2026-07-20T18:08:00,490000000044,2,2.49
2026-07-20T18:15:00,490000000045,1,1.99
2026-07-20T18:29:00,490000000047,1,2.19
2026-07-20T18:36:00,490000000048,1,1.49
2026-07-21T19:07:00,490000000001,9,2.49
2026-07-21T19:14:00,490000000002,6,2.49
2026-07-21T19:21:00,490000000003,5,2.49
2026-07-21T19:28:00,490000000004,6,2.39
2026-07-21T19:35:00,490000000005,3,2.39
2026-07-21T19:42:00,490000000006,3,2.49
2026-07-21T19:49:00,490000000007,6,3.49
2026-07-21T19:56:00,490000000008,4,3.29
2026-07-21T19:03:00,490000000009,3,2.69
2026-07-21T19:10:00,490000000010,2,2.69
2026-07-21T19:17:00,490000000011,10,1.79
2026-07-21T19:24:00,490000000012,4,1.49
2026-07-21T19:31:00,490000000013,3,2.19
2026-07-21T19:38:00,490000000014,3,2.19
2026-07-21T19:45:00,490000000015,3,2.49
2026-07-21T19:52:00,490000000016,3,2.49
2026-07-21T19:59:00,490000000017,3,2.49
2026-07-21T19:06:00,490000000018,3,2.49
2026-07-21T19:13:00,490000000019,3,2.39
2026-07-21T19:20:00,490000000020,5,2.79
2026-07-21T19:27:00,490000000021,2,2.99
2026-07-21T19:34:00,490000000022,2,2.59
2026-07-21T19:41:00,490000000023,3,2.39
2026-07-21T19:48:00,490000000024,2,2.49
2026-07-21T19:55:00,490000000025,6,1.69
2026-07-21T19:02:00,490000000026,3,1.69
2026-07-21T19:09:00,490000000027,4,1.59
2026-07-21T19:16:00,490000000028,4,1.69
2026-07-21T19:23:00,490000000029,2,1.89
2026-07-21T19:30:00,490000000030,3,1.89
2026-07-21T19:37:00,490000000031,4,1.79
2026-07-21T19:44:00,490000000032,2,1.79
2026-07-21T19:51:00,490000000033,3,2.09
2026-07-21T19:58:00,490000000034,3,2.19
2026-07-21T19:05:00,490000000035,1,1.69
2026-07-21T19:12:00,490000000036,2,1.59
2026-07-21T19:19:00,490000000037,1,3.29
2026-07-21T19:26:00,490000000038,1,7.49
2026-07-21T19:33:00,490000000039,1,3.19
2026-07-21T19:01:00,490000000043,1,6.99
2026-07-21T19:08:00,490000000044,1,2.49
2026-07-21T19:15:00,490000000045,1,1.99
2026-07-21T19:22:00,490000000046,1,1.89
2026-07-21T19:29:00,490000000047,1,2.19
2026-07-21T19:36:00,490000000048,1,1.49
2026-07-22T10:07:00,490000000001,10,2.49
2026-07-22T10:14:00,490000000002,6,2.49
2026-07-22T10:21:00,490000000003,5,2.49
2026-07-22T10:28:00,490000000004,6,2.39
2026-07-22T10:35:00,490000000005,4,2.39
2026-07-22T10:42:00,490000000006,6,2.49
2026-07-22T10:49:00,490000000007,7,3.49
2026-07-22T10:56:00,490000000008,6,3.29
2026-07-22T10:03:00,490000000009,5,2.69
2026-07-22T10:10:00,490000000010,4,2.69
2026-07-22T10:17:00,490000000011,7,1.79
2026-07-22T10:24:00,490000000012,4,1.49
2026-07-22T10:31:00,490000000013,4,2.19
2026-07-22T10:38:00,490000000014,4,2.19
2026-07-22T10:45:00,490000000015,5,2.49
2026-07-22T10:52:00,490000000016,5,2.49
2026-07-22T10:59:00,490000000017,3,2.49
2026-07-22T10:06:00,490000000018,3,2.49
2026-07-22T10:13:00,490000000019,4,2.39
2026-07-22T10:20:00,490000000020,6,2.79
2026-07-22T10:27:00,490000000021,3,2.99
2026-07-22T10:34:00,490000000022,2,2.59
2026-07-22T10:41:00,490000000023,2,2.39
2026-07-22T10:48:00,490000000024,3,2.49
2026-07-22T10:55:00,490000000025,5,1.69
2026-07-22T10:02:00,490000000026,5,1.69
2026-07-22T10:09:00,490000000027,5,1.59
2026-07-22T10:16:00,490000000028,6,1.69
2026-07-22T10:23:00,490000000029,4,1.89
2026-07-22T10:30:00,490000000030,4,1.89
2026-07-22T10:37:00,490000000031,3,1.79
2026-07-22T10:44:00,490000000032,3,1.79
2026-07-22T10:51:00,490000000033,3,2.09
2026-07-22T10:58:00,490000000034,2,2.19
2026-07-22T10:05:00,490000000035,1,1.69
2026-07-22T10:12:00,490000000036,2,1.59
2026-07-22T10:19:00,490000000037,1,3.29
2026-07-22T10:26:00,490000000038,1,7.49
2026-07-22T10:33:00,490000000039,1,3.19
2026-07-22T10:47:00,490000000041,1,3.99
2026-07-22T10:08:00,490000000044,2,2.49
2026-07-22T10:15:00,490000000045,2,1.99
2026-07-22T10:22:00,490000000046,1,1.89
2026-07-22T10:29:00,490000000047,1,2.19
2026-07-22T10:36:00,490000000048,1,1.49
2026-07-23T11:07:00,490000000001,10,2.49
2026-07-23T11:14:00,490000000002,6,2.49
2026-07-23T11:21:00,490000000003,6,2.49
2026-07-23T11:28:00,490000000004,6,2.39
2026-07-23T11:35:00,490000000005,6,2.39
2026-07-23T11:42:00,490000000006,4,2.49
2026-07-23T11:49:00,490000000007,7,3.49
2026-07-23T11:56:00,490000000008,5,3.29
2026-07-23T11:03:00,490000000009,3,2.69
2026-07-23T11:10:00,490000000010,3,2.69
2026-07-23T11:17:00,490000000011,10,1.79
2026-07-23T11:24:00,490000000012,3,1.49
2026-07-23T11:31:00,490000000013,4,2.19
2026-07-23T11:38:00,490000000014,3,2.19
2026-07-23T11:45:00,490000000015,5,2.49
2026-07-23T11:52:00,490000000016,4,2.49
2026-07-23T11:59:00,490000000017,3,2.49
2026-07-23T11:06:00,490000000018,3,2.49
2026-07-23T11:13:00,490000000019,3,2.39
2026-07-23T11:20:00,490000000020,5,2.79
2026-07-23T11:27:00,490000000021,2,2.99
2026-07-23T11:34:00,490000000022,3,2.59
2026-07-23T11:41:00,490000000023,2,2.39
2026-07-23T11:48:00,490000000024,3,2.49
2026-07-23T11:55:00,490000000025,6,1.69
2026-07-23T11:02:00,490000000026,5,1.69
2026-07-23T11:09:00,490000000027,4,1.59
2026-07-23T11:16:00,490000000028,6,1.69
2026-07-23T11:23:00,490000000029,3,1.89
2026-07-23T11:30:00,490000000030,4,1.89
2026-07-23T11:37:00,490000000031,4,1.79
2026-07-23T11:44:00,490000000032,3,1.79
2026-07-23T11:51:00,490000000033,4,2.09
2026-07-23T11:58:00,490000000034,3,2.19
2026-07-23T11:05:00,490000000035,2,1.69
2026-07-23T11:12:00,490000000036,2,1.59
2026-07-23T11:19:00,490000000037,1,3.29
2026-07-23T11:26:00,490000000038,1,7.49
2026-07-23T11:33:00,490000000039,1,3.19
2026-07-23T11:08:00,490000000044,2,2.49
2026-07-23T11:15:00,490000000045,1,1.99
2026-07-23T11:29:00,490000000047,1,2.19
2026-07-23T11:36:00,490000000048,1,1.49
2026-07-24T12:07:00,490000000001,9,2.49
2026-07-24T12:14:00,490000000002,6,2.49
2026-07-24T12:21:00,490000000003,7,2.49
2026-07-24T12:28:00,490000000004,10,2.39
2026-07-24T12:35:00,490000000005,7,2.39
2026-07-24T12:42:00,490000000006,5,2.49
2026-07-24T12:49:00,490000000007,7,3.49
2026-07-24T12:56:00,490000000008,6,3.29
2026-07-24T12:03:00,490000000009,5,2.69
2026-07-24T12:10:00,490000000010,3,2.69
2026-07-24T12:17:00,490000000011,14,1.79
2026-07-24T12:24:00,490000000012,4,1.49
2026-07-24T12:31:00,490000000013,4,2.19
2026-07-24T12:38:00,490000000014,3,2.19
2026-07-24T12:45:00,490000000015,4,2.49
2026-07-24T12:52:00,490000000016,4,2.49
2026-07-24T12:59:00,490000000017,5,2.49
2026-07-24T12:06:00,490000000018,4,2.49
2026-07-24T12:13:00,490000000019,4,2.39
2026-07-24T12:20:00,490000000020,5,2.79
2026-07-24T12:27:00,490000000021,3,2.99
2026-07-24T12:34:00,490000000022,3,2.59
2026-07-24T12:41:00,490000000023,4,2.39
2026-07-24T12:48:00,490000000024,4,2.49
2026-07-24T12:55:00,490000000025,6,1.69
2026-07-24T12:02:00,490000000026,6,1.69
2026-07-24T12:09:00,490000000027,5,1.59
2026-07-24T12:16:00,490000000028,7,1.69
2026-07-24T12:23:00,490000000029,4,1.89
2026-07-24T12:30:00,490000000030,4,1.89
2026-07-24T12:37:00,490000000031,4,1.79
2026-07-24T12:44:00,490000000032,3,1.79
2026-07-24T12:51:00,490000000033,3,2.09
2026-07-24T12:58:00,490000000034,2,2.19
2026-07-24T12:05:00,490000000035,1,1.69
2026-07-24T12:12:00,490000000036,2,1.59
2026-07-24T12:19:00,490000000037,1,3.29
2026-07-24T12:40:00,490000000040,1,5.99
2026-07-24T12:08:00,490000000044,3,2.49
2026-07-24T12:15:00,490000000045,2,1.99
2026-07-24T12:29:00,490000000047,1,2.19
2026-07-24T12:36:00,490000000048,1,1.49
2026-07-25T13:07:00,490000000001,12,2.49
2026-07-25T13:14:00,490000000002,7,2.49
2026-07-25T13:21:00,490000000003,5,2.49
2026-07-25T13:28:00,490000000004,6,2.39
2026-07-25T13:35:00,490000000005,7,2.39
2026-07-25T13:42:00,490000000006,4,2.49
2026-07-25T13:49:00,490000000007,7,3.49
2026-07-25T13:56:00,490000000008,8,3.29
2026-07-25T13:03:00,490000000009,5,2.69
2026-07-25T13:10:00,490000000010,6,2.69
2026-07-25T13:17:00,490000000011,12,1.79
2026-07-25T13:24:00,490000000012,7,1.49
2026-07-25T13:31:00,490000000013,4,2.19
2026-07-25T13:38:00,490000000014,3,2.19
2026-07-25T13:45:00,490000000015,6,2.49
2026-07-25T13:52:00,490000000016,5,2.49
2026-07-25T13:59:00,490000000017,6,2.49
2026-07-25T13:06:00,490000000018,3,2.49
2026-07-25T13:13:00,490000000019,3,2.39
2026-07-25T13:20:00,490000000020,7,2.79
2026-07-25T13:27:00,490000000021,3,2.99
2026-07-25T13:34:00,490000000022,3,2.59
2026-07-25T13:41:00,490000000023,4,2.39
2026-07-25T13:48:00,490000000024,4,2.49
2026-07-25T13:55:00,490000000025,6,1.69
2026-07-25T13:02:00,490000000026,6,1.69
2026-07-25T13:09:00,490000000027,4,1.59
2026-07-25T13:16:00,490000000028,6,1.69
2026-07-25T13:23:00,490000000029,3,1.89
2026-07-25T13:30:00,490000000030,3,1.89
2026-07-25T13:37:00,490000000031,3,1.79
2026-07-25T13:44:00,490000000032,3,1.79
2026-07-25T13:51:00,490000000033,4,2.09
2026-07-25T13:58:00,490000000034,2,2.19
2026-07-25T13:05:00,490000000035,1,1.69
2026-07-25T13:12:00,490000000036,2,1.59
2026-07-25T13:19:00,490000000037,1,3.29
2026-07-25T13:26:00,490000000038,1,7.49
2026-07-25T13:33:00,490000000039,1,3.19
2026-07-25T13:40:00,490000000040,1,5.99
2026-07-25T13:47:00,490000000041,1,3.99
2026-07-25T13:54:00,490000000042,1,4.49
2026-07-25T13:01:00,490000000043,1,6.99
2026-07-25T13:08:00,490000000044,3,2.49
2026-07-25T13:15:00,490000000045,2,1.99
2026-07-25T13:22:00,490000000046,1,1.89
2026-07-25T13:29:00,490000000047,1,2.19
2026-07-25T13:36:00,490000000048,1,1.49
2026-07-26T14:07:00,490000000001,10,2.49
2026-07-26T14:14:00,490000000002,6,2.49
2026-07-26T14:21:00,490000000003,4,2.49
2026-07-26T14:28:00,490000000004,7,2.39
2026-07-26T14:35:00,490000000005,5,2.39
2026-07-26T14:42:00,490000000006,4,2.49
2026-07-26T14:49:00,490000000007,6,3.49
2026-07-26T14:56:00,490000000008,6,3.29
2026-07-26T14:03:00,490000000009,4,2.69
2026-07-26T14:10:00,490000000010,3,2.69
2026-07-26T14:17:00,490000000011,9,1.79
2026-07-26T14:24:00,490000000012,6,1.49
2026-07-26T14:31:00,490000000013,3,2.19
2026-07-26T14:38:00,490000000014,3,2.19
2026-07-26T14:45:00,490000000015,4,2.49
2026-07-26T14:52:00,490000000016,4,2.49
2026-07-26T14:59:00,490000000017,5,2.49
2026-07-26T14:06:00,490000000018,4,2.49
2026-07-26T14:13:00,490000000019,3,2.39
2026-07-26T14:20:00,490000000020,4,2.79
2026-07-26T14:27:00,490000000021,2,2.99
2026-07-26T14:34:00,490000000022,2,2.59
2026-07-26T14:41:00,490000000023,3,2.39
2026-07-26T14:48:00,490000000024,2,2.49
2026-07-26T14:55:00,490000000025,5,1.69
2026-07-26T14:02:00,490000000026,4,1.69
2026-07-26T14:09:00,490000000027,3,1.59
2026-07-26T14:16:00,490000000028,5,1.69
2026-07-26T14:23:00,490000000029,3,1.89
2026-07-26T14:30:00,490000000030,3,1.89
2026-07-26T14:37:00,490000000031,3,1.79
2026-07-26T14:44:00,490000000032,3,1.79
2026-07-26T14:51:00,490000000033,2,2.09
2026-07-26T14:58:00,490000000034,2,2.19
2026-07-26T14:05:00,490000000035,1,1.69
2026-07-26T14:12:00,490000000036,2,1.59
2026-07-26T14:19:00,490000000037,1,3.29
2026-07-26T14:26:00,490000000038,1,7.49
2026-07-26T14:33:00,490000000039,1,3.19
2026-07-26T14:40:00,490000000040,1,5.99
2026-07-26T14:47:00,490000000041,1,3.99
2026-07-26T14:08:00,490000000044,2,2.49
2026-07-26T14:15:00,490000000045,1,1.99
2026-07-26T14:22:00,490000000046,1,1.89
2026-07-26T14:29:00,490000000047,1,2.19
2026-07-26T14:36:00,490000000048,1,1.49
2026-07-27T15:07:00,490000000001,8,2.49
2026-07-27T15:14:00,490000000002,5,2.49
2026-07-27T15:21:00,490000000003,6,2.49
2026-07-27T15:28:00,490000000004,6,2.39
2026-07-27T15:35:00,490000000005,5,2.39
2026-07-27T15:42:00,490000000006,4,2.49
2026-07-27T15:49:00,490000000007,5,3.49
2026-07-27T15:56:00,490000000008,6,3.29
2026-07-27T15:03:00,490000000009,4,2.69
2026-07-27T15:10:00,490000000010,5,2.69
2026-07-27T15:17:00,490000000011,12,1.79
2026-07-27T15:24:00,490000000012,4,1.49
2026-07-27T15:31:00,490000000013,4,2.19
2026-07-27T15:38:00,490000000014,2,2.19
2026-07-27T15:45:00,490000000015,5,2.49
2026-07-27T15:52:00,490000000016,4,2.49
2026-07-27T15:59:00,490000000017,4,2.49
2026-07-27T15:06:00,490000000018,4,2.49
2026-07-27T15:13:00,490000000019,3,2.39
2026-07-27T15:20:00,490000000020,6,2.79
2026-07-27T15:27:00,490000000021,2,2.99
2026-07-27T15:34:00,490000000022,2,2.59
2026-07-27T15:41:00,490000000023,3,2.39
2026-07-27T15:48:00,490000000024,2,2.49
2026-07-27T15:55:00,490000000025,6,1.69
2026-07-27T15:02:00,490000000026,3,1.69
2026-07-27T15:09:00,490000000027,3,1.59
2026-07-27T15:16:00,490000000028,5,1.69
2026-07-27T15:23:00,490000000029,4,1.89
2026-07-27T15:30:00,490000000030,3,1.89
2026-07-27T15:37:00,490000000031,4,1.79
2026-07-27T15:44:00,490000000032,2,1.79
2026-07-27T15:51:00,490000000033,4,2.09
2026-07-27T15:58:00,490000000034,2,2.19
2026-07-27T15:05:00,490000000035,1,1.69
2026-07-27T15:12:00,490000000036,2,1.59
2026-07-27T15:19:00,490000000037,1,3.29
2026-07-27T15:26:00,490000000038,1,7.49
2026-07-27T15:33:00,490000000039,1,3.19
2026-07-27T15:40:00,490000000040,1,5.99
2026-07-27T15:47:00,490000000041,1,3.99
2026-07-27T15:08:00,490000000044,2,2.49
2026-07-27T15:15:00,490000000045,2,1.99
2026-07-27T15:22:00,490000000046,1,1.89
2026-07-27T15:29:00,490000000047,1,2.19
2026-07-27T15:36:00,490000000048,1,1.49
2026-07-28T16:07:00,490000000001,7,2.49
2026-07-28T16:14:00,490000000002,4,2.49
2026-07-28T16:21:00,490000000003,4,2.49
2026-07-28T16:28:00,490000000004,5,2.39
2026-07-28T16:35:00,490000000005,6,2.39
2026-07-28T16:42:00,490000000006,4,2.49
2026-07-28T16:49:00,490000000007,7,3.49
2026-07-28T16:56:00,490000000008,6,3.29
2026-07-28T16:03:00,490000000009,5,2.69
2026-07-28T16:10:00,490000000010,4,2.69
2026-07-28T16:17:00,490000000011,7,1.79
2026-07-28T16:24:00,490000000012,4,1.49
2026-07-28T16:31:00,490000000013,3,2.19
2026-07-28T16:38:00,490000000014,3,2.19
2026-07-28T16:45:00,490000000015,4,2.49
2026-07-28T16:52:00,490000000016,4,2.49
2026-07-28T16:59:00,490000000017,4,2.49
2026-07-28T16:06:00,490000000018,3,2.49
2026-07-28T16:13:00,490000000019,3,2.39
2026-07-28T16:20:00,490000000020,5,2.79
2026-07-28T16:27:00,490000000021,2,2.99
2026-07-28T16:34:00,490000000022,2,2.59
2026-07-28T16:41:00,490000000023,2,2.39
2026-07-28T16:48:00,490000000024,2,2.49
2026-07-28T16:55:00,490000000025,4,1.69
2026-07-28T16:02:00,490000000026,4,1.69
2026-07-28T16:09:00,490000000027,3,1.59
2026-07-28T16:16:00,490000000028,3,1.69
2026-07-28T16:23:00,490000000029,2,1.89
2026-07-28T16:30:00,490000000030,3,1.89
2026-07-28T16:37:00,490000000031,3,1.79
2026-07-28T16:44:00,490000000032,2,1.79
2026-07-28T16:51:00,490000000033,3,2.09
2026-07-28T16:58:00,490000000034,2,2.19
2026-07-28T16:05:00,490000000035,1,1.69
2026-07-28T16:12:00,490000000036,1,1.59
2026-07-28T16:19:00,490000000037,1,3.29
2026-07-28T16:26:00,490000000038,1,7.49
2026-07-28T16:40:00,490000000040,1,5.99
2026-07-28T16:47:00,490000000041,1,3.99
2026-07-28T16:01:00,490000000043,1,6.99
2026-07-28T16:08:00,490000000044,2,2.49
2026-07-28T16:15:00,490000000045,1,1.99
2026-07-28T16:29:00,490000000047,1,2.19
2026-07-28T16:36:00,490000000048,1,1.49
2026-07-29T17:07:00,490000000001,8,2.49
2026-07-29T17:14:00,490000000002,5,2.49
2026-07-29T17:21:00,490000000003,4,2.49
2026-07-29T17:28:00,490000000004,7,2.39
2026-07-29T17:35:00,490000000005,6,2.39
2026-07-29T17:42:00,490000000006,4,2.49
2026-07-29T17:49:00,490000000007,7,3.49
2026-07-29T17:56:00,490000000008,8,3.29
2026-07-29T17:03:00,490000000009,4,2.69
2026-07-29T17:10:00,490000000010,4,2.69
2026-07-29T17:17:00,490000000011,10,1.79
2026-07-29T17:24:00,490000000012,4,1.49
2026-07-29T17:31:00,490000000013,3,2.19
2026-07-29T17:38:00,490000000014,4,2.19
2026-07-29T17:45:00,490000000015,4,2.49
2026-07-29T17:52:00,490000000016,3,2.49
2026-07-29T17:59:00,490000000017,5,2.49
2026-07-29T17:06:00,490000000018,3,2.49
2026-07-29T17:13:00,490000000019,4,2.39
2026-07-29T17:20:00,490000000020,5,2.79
2026-07-29T17:27:00,490000000021,3,2.99
2026-07-29T17:34:00,490000000022,2,2.59
2026-07-29T17:41:00,490000000023,2,2.39
2026-07-29T17:48:00,490000000024,2,2.49
2026-07-29T17:55:00,490000000025,6,1.69
2026-07-29T17:02:00,490000000026,4,1.69
2026-07-29T17:09:00,490000000027,4,1.59
2026-07-29T17:16:00,490000000028,4,1.69
2026-07-29T17:23:00,490000000029,3,1.89
2026-07-29T17:30:00,490000000030,3,1.89
2026-07-29T17:37:00,490000000031,3,1.79
2026-07-29T17:44:00,490000000032,2,1.79
2026-07-29T17:51:00,490000000033,4,2.09
2026-07-29T17:58:00,490000000034,3,2.19
2026-07-29T17:05:00,490000000035,2,1.69
2026-07-29T17:12:00,490000000036,1,1.59
2026-07-29T17:19:00,490000000037,1,3.29
2026-07-29T17:33:00,490000000039,1,3.19
2026-07-29T17:40:00,490000000040,1,5.99
2026-07-29T17:08:00,490000000044,2,2.49
2026-07-29T17:15:00,490000000045,1,1.99
2026-07-29T17:22:00,490000000046,1,1.89
2026-07-29T17:29:00,490000000047,1,2.19
2026-07-29T17:36:00,490000000048,1,1.49
2026-07-30T18:07:00,490000000001,10,2.49
2026-07-30T18:14:00,490000000002,6,2.49
2026-07-30T18:21:00,490000000003,5,2.49
2026-07-30T18:28:00,490000000004,7,2.39
2026-07-30T18:35:00,490000000005,7,2.39
2026-07-30T18:42:00,490000000006,4,2.49
2026-07-30T18:49:00,490000000007,7,3.49
2026-07-30T18:56:00,490000000008,8,3.29
2026-07-30T18:03:00,490000000009,5,2.69
2026-07-30T18:10:00,490000000010,4,2.69
2026-07-30T18:17:00,490000000011,9,1.79
2026-07-30T18:24:00,490000000012,4,1.49
2026-07-30T18:31:00,490000000013,3,2.19
2026-07-30T18:38:00,490000000014,4,2.19
2026-07-30T18:45:00,490000000015,5,2.49
2026-07-30T18:52:00,490000000016,4,2.49
2026-07-30T18:59:00,490000000017,4,2.49
2026-07-30T18:06:00,490000000018,3,2.49
2026-07-30T18:13:00,490000000019,3,2.39
2026-07-30T18:20:00,490000000020,5,2.79
2026-07-30T18:27:00,490000000021,2,2.99
2026-07-30T18:34:00,490000000022,2,2.59
2026-07-30T18:41:00,490000000023,2,2.39
2026-07-30T18:48:00,490000000024,2,2.49
2026-07-30T18:55:00,490000000025,5,1.69
2026-07-30T18:02:00,490000000026,4,1.69
2026-07-30T18:09:00,490000000027,3,1.59
2026-07-30T18:16:00,490000000028,4,1.69
2026-07-30T18:23:00,490000000029,2,1.89
2026-07-30T18:30:00,490000000030,3,1.89
2026-07-30T18:37:00,490000000031,3,1.79
2026-07-30T18:44:00,490000000032,3,1.79
2026-07-30T18:51:00,490000000033,3,2.09
2026-07-30T18:58:00,490000000034,2,2.19
2026-07-30T18:05:00,490000000035,1,1.69
2026-07-30T18:12:00,490000000036,1,1.59
2026-07-30T18:19:00,490000000037,1,3.29
2026-07-30T18:26:00,490000000038,1,7.49
2026-07-30T18:33:00,490000000039,1,3.19
2026-07-30T18:47:00,490000000041,1,3.99
2026-07-30T18:54:00,490000000042,1,4.49
2026-07-30T18:01:00,490000000043,1,6.99
2026-07-30T18:08:00,490000000044,3,2.49
2026-07-30T18:15:00,490000000045,2,1.99
2026-07-30T18:22:00,490000000046,1,1.89
2026-07-30T18:29:00,490000000047,1,2.19
2026-07-30T18:36:00,490000000048,2,1.49
2026-07-31T19:07:00,490000000001,12,2.49
2026-07-31T19:14:00,490000000002,8,2.49
2026-07-31T19:21:00,490000000003,6,2.49
2026-07-31T19:28:00,490000000004,8,2.39
2026-07-31T19:35:00,490000000005,6,2.39
2026-07-31T19:42:00,490000000006,6,2.49
2026-07-31T19:49:00,490000000007,11,3.49
2026-07-31T19:56:00,490000000008,8,3.29
2026-07-31T19:03:00,490000000009,5,2.69
2026-07-31T19:10:00,490000000010,4,2.69
2026-07-31T19:17:00,490000000011,11,1.79
2026-07-31T19:24:00,490000000012,8,1.49
2026-07-31T19:31:00,490000000013,5,2.19
2026-07-31T19:38:00,490000000014,3,2.19
2026-07-31T19:45:00,490000000015,6,2.49
2026-07-31T19:52:00,490000000016,5,2.49
2026-07-31T19:59:00,490000000017,6,2.49
2026-07-31T19:06:00,490000000018,3,2.49
2026-07-31T19:13:00,490000000019,4,2.39
2026-07-31T19:20:00,490000000020,4,2.79
2026-07-31T19:27:00,490000000021,2,2.99
2026-07-31T19:34:00,490000000022,2,2.59
2026-07-31T19:41:00,490000000023,2,2.39
2026-07-31T19:48:00,490000000024,3,2.49
2026-07-31T19:55:00,490000000025,6,1.69
2026-07-31T19:02:00,490000000026,4,1.69
2026-07-31T19:09:00,490000000027,4,1.59
2026-07-31T19:16:00,490000000028,5,1.69
2026-07-31T19:23:00,490000000029,4,1.89
2026-07-31T19:30:00,490000000030,3,1.89
2026-07-31T19:37:00,490000000031,4,1.79
2026-07-31T19:44:00,490000000032,2,1.79
2026-07-31T19:51:00,490000000033,3,2.09
2026-07-31T19:58:00,490000000034,3,2.19
2026-07-31T19:05:00,490000000035,2,1.69
2026-07-31T19:12:00,490000000036,2,1.59
2026-07-31T19:19:00,490000000037,1,3.29
2026-07-31T19:26:00,490000000038,1,7.49
2026-07-31T19:40:00,490000000040,1,5.99
2026-07-31T19:47:00,490000000041,1,3.99
2026-07-31T19:54:00,490000000042,1,4.49
2026-07-31T19:01:00,490000000043,1,6.99
2026-07-31T19:08:00,490000000044,3,2.49
2026-07-31T19:15:00,490000000045,2,1.99
2026-07-31T19:29:00,490000000047,2,2.19
2026-07-31T19:36:00,490000000048,1,1.49
